"","Geo_FIPS","MAJORITY","AADT","TC","Percentage.of.below.18","Percentage.of.above.65","Percentage.of.non.white.pop","Percentage.of.less.than.HS","Percentage.of.unemployment","MHI","Population.Density..Per.Sq..Mile.","PM2.5","Traffic"
"1",6037101110,22,0,0,0.2,0.17,0.22,0.15,0.07,63534,9710.18,11.30213066,566.5033447
"2",6037101122,22,0,0,0.13,0.2,0.12,0.06,0.05,90389,3335.385,11.09143346,165.7435974
"3",6037101220,22,0,0,0.2,0.16,0.29,0.2,0.1,43713,13719.17,11.2582362,821.6798096
"4",6037101300,22,0,0,0.11,0.24,0.14,0.1,0.04,81776,3897.202,11.01194549,1468.619195
"5",6037101400,71,0,0,0.15,0.19,0.23,0.09,0.06,75139,1419.35,11.1423019,2583.428727
"6",6037102103,23,0,0,0.16,0.15,0.23,0.05,0.09,76833,3848.471,11.29546441,2493.635495
"7",6037102104,23,0,0,0.15,0.2,0.2,0.1,0.1,80789,5810.727,11.46432553,3124.637798
"8",6037102105,23,0,0,0.17,0.1,0.34,0.2,0.06,57614,10012.82,11.56388147,2648.113091
"9",6037102107,71,0,0,0.16,0.16,0.23,0.1,0.06,109375,872.5884,11.14147063,1594.259505
"10",6037103101,23,0,0,0.19,0.15,0.18,0.13,0.04,99875,3098.075,11.24459686,140.8095466
"11",6037103102,23,0,0,0.16,0.17,0.26,0.19,0.05,75276,9879.707,11.23485105,687.9059962
"12",6037103300,22,0,0,0.19,0.19,0.17,0.03,0.04,105909,1594.402,11.14759703,899.7361175
"13",6037104103,23,0,0,0.2,0.13,0.31,0.26,0,97543,9362.728,11.24668191,2019.065361
"14",6037104105,23,0,0,0.24,0.09,0.46,0.37,0.07,54960,26817.63,11.13779234,1567.364184
"15",6037104108,23,0,0,0.27,0.1,0.41,0.39,0.07,51875,14173,11.19241127,1564.364074
"16",6037104124,22,0,0,0.22,0.14,0.35,0.18,0.05,77885,2240.531,10.91960855,2415.424348
"17",6037104201,23,1,0,0.24,0.11,0.38,0.43,0.05,60129,10855.54,11.16285509,1319.63451
"18",6037104203,23,0,0,0.28,0.07,0.42,0.45,0.05,49609,19904.44,11.16595012,1482.035379
"19",6037104204,71,1,0,0.23,0.11,0.36,0.39,0.07,59000,3576.102,10.9466938,1528.996943
"20",6037104310,23,0,0,0.32,0.09,0.39,0.46,0.05,74940,8518.715,11.20136625,2365.659717
"21",6037104401,23,1,1,0.25,0.11,0.34,0.45,0.06,69000,12434.37,11.28546472,2260.072102
"22",6037104403,23,1,1,0.23,0.13,0.39,0.36,0.07,60804,12485.01,11.44347884,4907.459464
"23",6037104404,23,0,0,0.3,0.08,0.4,0.48,0.07,56974,14802.13,11.32010666,1037.939823
"24",6037104500,23,0,0,0.21,0.12,0.47,0.49,0.03,64229,14754.58,11.40197774,893.8911847
"25",6037104610,23,0,0,0.25,0.1,0.43,0.5,0.02,61359,14810.23,11.40197774,525.0582645
"26",6037104620,23,0,0,0.21,0.1,0.47,0.51,0.05,64648,17202.52,11.40197774,457.8546445
"27",6037104701,23,0,0,0.34,0.07,0.35,0.6,0.11,35357,20710.34,11.30315023,904.4845999
"28",6037104703,24,0,0,0.35,0.06,0.35,0.5,0.06,41875,4818.29,11.2284956,785.071341
"29",6037104704,23,0,0,0.33,0.1,0.42,0.27,0.04,43338,6730.944,11.37171568,781.9743214
"30",6037104821,23,0,0,0.27,0.08,0.43,0.38,0.06,70231,17294.12,11.44575547,596.6045641
"31",6037104822,23,0,0,0.28,0.09,0.35,0.54,0.06,60515,12166.71,11.3752253,4822.397793
"32",6037106010,23,0,0,0.23,0.16,0.24,0.16,0.03,89946,3181.671,10.84104549,1191.410493
"33",6037106020,22,1,1,0.17,0.15,0.18,0.26,0.06,79703,6981.294,10.75629213,1037.527848
"34",6037106111,22,0,0,0.19,0.15,0.35,0.16,0.02,95288,2846.323,10.85587997,252.3170285
"35",6037106112,23,1,0,0.26,0.12,0.29,0.19,0.02,95625,4509.321,10.94114862,1002.147964
"36",6037106113,23,0,0,0.23,0.15,0.25,0.25,0.05,96667,6633.482,10.92587915,1585.200139
"37",6037106114,23,0,0,0.32,0.08,0.24,0.38,0.06,58194,16188.21,11.03348841,1917.265932
"38",6037106403,23,0,0,0.26,0.12,0.17,0.51,0.04,72604,8590.004,10.98471997,585.6584359
"39",6037106405,22,0,0,0.27,0.1,0.31,0.38,0.05,59352,10517.03,10.80754528,1168.006689
"40",6037106406,23,0,0,0.23,0.15,0.22,0.28,0.02,85115,7249.902,10.76509567,1122.159589
"41",6037106407,23,1,1,0.3,0.13,0.28,0.42,0.1,34327,34799.31,10.98471997,1741.756484
"42",6037106408,23,1,1,0.3,0.05,0.26,0.25,0.03,60199,41461.06,10.86166993,1734.364302
"43",6037106510,52,1,1,0.29,0.11,0.27,0.21,0.02,85521,2548.757,10.59569518,2927.384341
"44",6037106520,23,0,0,0.23,0.13,0.15,0.35,0.02,63924,6950.838,10.92897449,386.8328073
"45",6037106603,52,1,1,0.19,0.23,0.34,0.08,0.03,112404,534.1554,10.37209684,2843.234906
"46",6037106604,23,1,1,0.28,0.17,0.17,0.36,0.03,60350,5026.131,11.03732681,2978.657096
"47",6037106641,23,0,0,0.2,0.21,0.29,0.09,0.05,110357,5410.383,10.95076564,238.5626636
"48",6037106642,23,0,0,0.22,0.22,0.35,0.05,0.05,109063,4861.171,11.09275671,2125.360558
"49",6037106643,22,0,0,0.18,0.2,0.33,0.09,0.08,164125,2732.09,10.94210448,2144.811387
"50",6037106645,22,0,0,0.2,0.21,0.25,0.07,0.07,113940,3739.601,11.22167655,388.223765
"51",6037106646,23,0,0,0.18,0.22,0.4,0.1,0.08,110734,5545.915,11.20058307,3423.479442
"52",6037106648,23,0,0,0.3,0.09,0.25,0.42,0.02,68426,14848.87,11.15277668,607.7508307
"53",6037106649,23,1,1,0.24,0.13,0.4,0.26,0.02,87039,6194.044,11.17287637,1941.713469
"54",6037107010,23,0,0,0.25,0.08,0.26,0.39,0.09,69934,11881.84,10.88563321,562.0449257
"55",6037107020,23,0,0,0.3,0.07,0.25,0.32,0.02,84289,13842.87,11.0285217,539.8754624
"56",6037108101,23,0,0,0.16,0.26,0.34,0.1,0.05,121563,5340.001,11.03665977,2703.168762
"57",6037108102,22,0,0,0.19,0.24,0.42,0.08,0.07,100938,4212.643,10.87528753,1840.089199
"58",6037108103,23,0,0,0.14,0.26,0.36,0.06,0.01,146932,3129.274,10.94379099,1359.641575
"59",6037108104,23,0,0,0.25,0.18,0.49,0.05,0.02,152321,5756.783,10.70323464,136.3512126
"60",6037108202,52,0,0,0.25,0.21,0.61,0.07,0.05,97188,3233.558,10.51287274,3938.792052
"61",6037109100,23,1,1,0.2,0.25,0.39,0.23,0.05,67750,2677.181,11.11249892,2123.368674
"62",6037109200,23,1,1,0.22,0.1,0.41,0.08,0.03,117857,6187.125,11.35818212,2217.713803
"63",6037109300,23,1,1,0.16,0.17,0.39,0.09,0.09,86316,6221.414,11.40346339,2777.346895
"64",6037109400,23,1,1,0.2,0.14,0.58,0.23,0.03,82215,7831.169,11.34325331,2243.427021
"65",6037109500,23,1,1,0.31,0.13,0.4,0.46,0.07,33387,10476.32,11.23023082,2115.630838
"66",6037109601,23,1,1,0.22,0.14,0.56,0.2,0.08,93778,5783.176,11.39127667,1974.184251
"67",6037109603,23,0,0,0.21,0.15,0.6,0.24,0.08,56970,11141.58,11.66569556,1789.453962
"68",6037109604,23,1,1,0.22,0.11,0.54,0.11,0.08,92500,7043.313,11.4990414,2696.231331
"69",6037109700,23,1,1,0.21,0.14,0.43,0.09,0.07,101709,7533.983,11.47001272,2656.587808
"70",6037109800,23,0,0,0.23,0.16,0.55,0.15,0.05,92356,10242.2,11.62009789,1567.98026
"71",6037111100,23,0,0,0.18,0.14,0.47,0.18,0.06,91648,7773.057,11.41925994,2039.576488
"72",6037111201,23,0,0,0.19,0.17,0.32,0.12,0.05,90341,4912.404,11.26083916,3092.14405
"73",6037111202,23,0,0,0.23,0.15,0.34,0.1,0.06,84240,7171.857,11.45456864,586.4573458
"74",6037111204,23,0,0,0.19,0.24,0.43,0.07,0.04,154038,4806.282,11.40771727,1638.834615
"75",6037111205,23,0,0,0.23,0.17,0.6,0.04,0.06,77351,8779.897,11.70425543,889.1301489
"76",6037111206,22,0,0,0.18,0.21,0.36,0.06,0.03,114275,4343.432,11.36662201,2206.785866
"77",6037111302,23,0,0,0.17,0.18,0.47,0.07,0.06,62865,8611.615,11.82283365,706.3909661
"78",6037113101,23,0,0,0.16,0.23,0.26,0.07,0.04,106000,4252.12,10.78997184,1930.192207
"79",6037113102,22,0,0,0.13,0.23,0.17,0.04,0.06,163021,2141.38,11.09057903,2645.748348
"80",6037113211,52,1,0,0.15,0.27,0.19,0.05,0.04,91094,1461.695,10.27739389,2025.031489
"81",6037113212,23,0,0,0.18,0.18,0.46,0.11,0.04,84429,9062.559,10.6125987,626.5007074
"82",6037113213,23,0,0,0.21,0.15,0.56,0.07,0.02,91544,10448.88,10.67168543,729.2285159
"83",6037113231,23,0,0,0.22,0.2,0.29,0.06,0.07,112500,1447.393,10.08304904,411.5060328
"84",6037113232,22,0,0,0.2,0.24,0.3,0.07,0.01,113079,5409.853,10.91904895,1108.751137
"85",6037113234,23,0,0,0.27,0.15,0.53,0.25,0.02,59598,12331.25,11.32230518,1053.708388
"86",6037113235,22,0,0,0.23,0.14,0.4,0.06,0.05,89792,3295.191,9.859399641,237.6801105
"87",6037113237,24,0,0,0.2,0.22,0.45,0.06,0.08,82024,2293.48,10.45905335,667.0125062
"88",6037113301,23,0,0,0.21,0.21,0.34,0.1,0.08,66793,4031.477,11.94831277,1259.88885
"89",6037113303,24,0,0,0.2,0.21,0.26,0.1,0.06,93656,2654.887,11.47080701,857.5960501
"90",6037113322,23,0,0,0.18,0.21,0.41,0.1,0.02,94983,6627.105,11.37082616,926.0374672
"91",6037115101,22,0,0,0.19,0.22,0.39,0.06,0.03,141711,3390.941,12.10821715,1226.511604
"92",6037115103,23,0,0,0.03,0,0.51,0,0.22,43958,5766.118,11.91777546,836.666825
"93",6037115104,22,0,0,0.11,0.11,0.52,0.12,0.07,54861,11112.11,12.10876877,1081.089913
"94",6037115202,23,0,0,0.13,0.1,0.52,0.09,0.02,65125,8472.728,12.41477456,1341.243314
"95",6037115301,23,0,0,0.2,0.22,0.39,0.09,0.04,94279,7224.821,11.9625185,1031.761495
"96",6037115302,23,0,0,0.24,0.1,0.5,0.32,0.03,45549,12303.47,12.55151073,1453.312393
"97",6037115401,22,0,0,0.25,0.1,0.41,0.19,0.04,71646,8663.804,12.64622444,1181.421554
"98",6037115403,23,0,0,0.23,0.11,0.59,0.23,0.03,54407,13186.53,12.58335026,1220.348247
"99",6037115404,23,0,0,0.17,0.11,0.56,0.21,0.04,66136,7661.092,12.62052222,1388.333084
"100",6037117101,23,0,0,0.22,0.05,0.83,0.14,0.06,90750,17530.28,11.70934701,1142.81
"101",6037117102,23,0,0,0.2,0.13,0.44,0.24,0.05,69500,7175.441,11.66569556,848.1180638
"102",6037117201,23,0,0,0.3,0.12,0.61,0.23,0.1,61335,16982.98,11.85326141,2615.008371
"103",6037117202,23,0,0,0.2,0.21,0.51,0.1,0.06,100326,3759.601,11.76122625,2117.010972
"104",6037117301,23,0,0,0.17,0.15,0.46,0.11,0.08,97634,7603.279,11.87764253,904.4525312
"105",6037117302,23,0,0,0.21,0.19,0.4,0.12,0.06,102917,6600.488,11.99828813,1099.203403
"106",6037117303,23,0,0,0.2,0.15,0.51,0.15,0.04,83931,5399.782,12.28930733,1190.698508
"107",6037117404,23,0,0,0.18,0.11,0.52,0.13,0.05,107981,7809.634,12.13614247,2745.076287
"108",6037117405,23,0,0,0.35,0.03,0.73,0.56,0.04,36538,45862.53,11.95061359,3378.921693
"109",6037117407,24,0,0,0.39,0.03,0.81,0.57,0.07,33480,50094.76,11.95061359,3474.392268
"110",6037117408,23,0,0,0.33,0.05,0.65,0.41,0.11,36250,21138.86,12.06000567,3927.660141
"111",6037117510,23,0,0,0.33,0.07,0.66,0.38,0.02,46838,28885.24,11.77397672,1291.579203
"112",6037117520,23,0,0,0.34,0.03,0.77,0.45,0.12,36003,33557.68,11.77397672,1165.589595
"113",6037117530,23,0,0,0.29,0.06,0.72,0.41,0.09,55483,32066.53,11.86110213,1250.399373
"114",6037119001,23,1,1,0.22,0.13,0.43,0.36,0.06,85758,11298.04,11.410504,3020.620667
"115",6037119201,23,0,0,0.23,0.11,0.41,0.38,0.09,91111,12430.94,11.54686613,772.63019
"116",6037119202,23,1,1,0.22,0.12,0.5,0.45,0.04,67500,12850.88,11.47638507,3091.475196
"117",6037119310,23,0,0,0.18,0.15,0.59,0.31,0.05,47959,24900.57,11.66547916,801.9608994
"118",6037119320,23,0,0,0.25,0.08,0.78,0.35,0.07,72813,26121.48,11.66547916,1015.254491
"119",6037119340,24,0,0,0.38,0.03,0.65,0.56,0.1,30817,90411.78,11.6143557,1131.456675
"120",6037119341,23,0,0,0.2,0.15,0.71,0.31,0.11,51083,22934.57,11.6143557,904.8160579
"121",6037119342,23,0,0,0.28,0.07,0.63,0.27,0.07,58611,34411.18,11.66547916,869.8192291
"122",6037119400,23,0,0,0.22,0.11,0.47,0.42,0.06,83333,12747.23,11.57359089,651.3217557
"123",6037119700,23,0,0,0.22,0.16,0.42,0.18,0.03,81688,9874.197,11.50038668,1301.781763
"124",6037119900,23,0,0,0.22,0.13,0.59,0.28,0.05,78000,12910.48,11.63126039,1245.499306
"125",6037120010,23,0,0,0.21,0.1,0.68,0.34,0.09,49432,12641.8,12.08174436,1392.963629
"126",6037120020,23,0,0,0.22,0.1,0.75,0.41,0.14,37045,18654.32,11.81424877,1444.132983
"127",6037120030,24,0,0,0.27,0.1,0.74,0.51,0.06,30625,19254.16,11.81424877,1435.707547
"128",6037120103,24,0,0,0.37,0.05,0.72,0.51,0.15,26875,64566.87,11.6143557,1094.977259
"129",6037120104,24,0,0,0.23,0.08,0.71,0.25,0.05,38672,12713.47,11.67964041,1309.647534
"130",6037120105,23,0,0,0.24,0.16,0.68,0.38,0.07,33984,13313.86,11.64699806,1022.871781
"131",6037120106,24,0,0,0.31,0.06,0.66,0.41,0.11,36217,59919.82,11.86110213,1438.441868
"132",6037120107,23,0,0,0.37,0.05,0.68,0.5,0.12,30481,49805.25,11.86110213,1006.633174
"133",6037120108,23,0,0,0.26,0.08,0.61,0.43,0.09,39032,32556.83,11.77397672,1072.152612
"134",6037120300,23,0,0,0.18,0.13,0.67,0.22,0.06,70208,7893.566,11.67857435,1443.169452
"135",6037120400,23,0,0,0.22,0.11,0.59,0.22,0.11,54733,16448.9,11.58425896,1320.71934
"136",6037121010,23,1,1,0.19,0.15,0.47,0.25,0.05,62903,6621.882,11.45562342,2277.041811
"137",6037121020,23,0,0,0.19,0.1,0.34,0.28,0.09,53345,11339.65,11.50132407,1847.598501
"138",6037121101,23,0,0,0.22,0.08,0.32,0.29,0.05,59267,15696.17,11.49189975,3356.042025
"139",6037121102,23,0,0,0.2,0.18,0.14,0.31,0.04,48750,860.3215,11.35398379,992.603908
"140",6037121210,23,1,1,0.18,0.2,0.45,0.45,0.04,67375,3794.151,11.30064758,2495.507189
"141",6037121221,23,0,0,0.2,0.12,0.32,0.32,0.09,64335,12429.47,11.43570021,3028.121981
"142",6037121222,23,0,0,0.27,0.08,0.31,0.47,0.05,55192,9970.626,11.41126373,2560.759679
"143",6037121600,23,0,0,0.16,0.18,0.41,0.17,0.04,79474,6216.426,11.50132407,1965.225004
"144",6037121801,23,0,0,0.21,0.1,0.51,0.3,0.07,42520,16675.06,11.49489892,741.577982
"145",6037121802,23,0,0,0.22,0.12,0.43,0.29,0.07,68083,8761.391,11.40523782,1344.169027
"146",6037121900,23,0,0,0.24,0.1,0.27,0.42,0.07,54702,5772.357,11.43961966,1676.067303
"147",6037122000,23,1,1,0.17,0.16,0.33,0.27,0.09,75486,5113.709,11.50541661,2019.798812
"148",6037122120,23,0,0,0.24,0.1,0.46,0.38,0.08,61625,18030,11.49943551,489.5146704
"149",6037122121,23,0,0,0.23,0.1,0.31,0.36,0.06,53125,17785.89,11.49943551,560.5847404
"150",6037122122,23,0,0,0.28,0.1,0.31,0.53,0.06,41811,6945.463,11.4259185,1620.993788
"151",6037122200,23,0,0,0.23,0.1,0.24,0.41,0.04,54250,5270.083,11.50595509,1841.906073
"152",6037122410,24,0,0,0.25,0.09,0.4,0.35,0.1,36222,12664.34,11.52566258,1034.494912
"153",6037122420,23,0,0,0.24,0.08,0.47,0.37,0.06,44967,13518.59,11.51838156,792.5627615
"154",6037123010,23,0,0,0.3,0.09,0.23,0.41,0.02,36518,10267.16,11.5297162,670.9746195
"155",6037123020,23,0,0,0.24,0.13,0.37,0.4,0.07,42056,14881.15,11.5297162,566.055855
"156",6037123103,23,0,0,0.21,0.12,0.33,0.24,0.05,48902,10946.84,11.47988762,1007.300202
"157",6037123104,23,0,0,0.25,0.14,0.35,0.21,0.04,41766,14631.56,11.51474422,695.2956959
"158",6037123203,24,0,0,0.28,0.05,0.41,0.39,0.04,48850,18165.58,11.5211534,1170.013836
"159",6037123204,23,0,0,0.22,0.04,0.54,0.36,0.09,41375,24996.68,11.5211534,1099.925192
"160",6037123205,24,0,0,0.22,0.07,0.28,0.38,0.04,46083,8517.831,11.5211534,997.0578095
"161",6037123206,24,0,0,0.2,0.1,0.36,0.44,0.06,32266,11049.95,11.51704283,953.9061729
"162",6037123301,23,1,0,0.15,0.15,0.49,0.23,0.05,57031,9000.976,11.52590949,2463.045038
"163",6037123303,23,0,0,0.18,0.12,0.35,0.27,0.1,44477,12622.74,11.56904887,1078.155377
"164",6037123304,23,1,0,0.2,0.22,0.31,0.19,0.07,39631,12851.49,11.52481034,2529.147605
"165",6037123410,23,0,0,0.21,0.08,0.27,0.28,0.05,50481,22157.12,11.59401635,1125.454334
"166",6037123420,23,0,0,0.24,0.11,0.27,0.24,0.05,44790,14663.13,11.56904887,1129.298025
"167",6037123510,23,0,0,0.19,0.16,0.45,0.24,0.05,45338,15753.91,11.59401635,983.484226
"168",6037123520,23,0,0,0.25,0.11,0.31,0.24,0.12,45521,14524.96,11.57827864,1034.154566
"169",6037123601,23,0,0,0.18,0.16,0.25,0.2,0.06,55241,8269.843,11.5711356,902.9029108
"170",6037123602,23,0,0,0.17,0.16,0.3,0.17,0.06,50667,10214.76,11.64810526,1008.392548
"171",6037123700,23,0,0,0.2,0.17,0.24,0.22,0.04,65278,12061.22,11.54238267,1376.766432
"172",6037123800,23,1,0,0.19,0.13,0.23,0.13,0.04,75096,12082.21,11.49534692,2509.978931
"173",6037123901,23,1,0,0.21,0.09,0.47,0.23,0.02,66771,9419.626,11.49534692,2012.719883
"174",6037123902,23,0,0,0.18,0.11,0.34,0.05,0.06,70592,10400.31,11.52942462,2859.984428
"175",6037124000,23,0,0,0.19,0.17,0.17,0.11,0.07,86881,10137.21,11.54776039,1744.446736
"176",6037124102,23,0,0,0.2,0.09,0.31,0.22,0.01,50064,14166.3,11.54609441,1173.706129
"177",6037124103,23,0,0,0.23,0.15,0.36,0.34,0.05,43787,15590.3,11.52811451,1112.586878
"178",6037124104,23,0,0,0.23,0.08,0.31,0.21,0.07,43816,19893.26,11.52811451,840.8484564
"179",6037124105,23,0,0,0.21,0.07,0.33,0.18,0.06,45764,20255.04,11.52811451,666.4235404
"180",6037124201,23,0,0,0.2,0.14,0.29,0.27,0.09,64364,8915.631,11.51882074,874.7285841
"181",6037124203,23,0,0,0.14,0.11,0.26,0.25,0.05,52561,19041.86,11.55022293,849.2805688
"182",6037124204,23,0,0,0.14,0.1,0.29,0.3,0.12,43385,17503.43,11.55022293,1005.527223
"183",6037124300,23,0,0,0.16,0.15,0.16,0.25,0.05,42826,8685.597,11.51474422,631.6800083
"184",6037124400,23,0,0,0.22,0.14,0.16,0.07,0.06,82500,13086.8,11.51704216,1055.149395
"185",6037124500,23,0,0,0.2,0.11,0.28,0.08,0.01,90565,9376.895,11.64810526,844.5551409
"186",6037124600,23,0,0,0.1,0.18,0.23,0.04,0.08,64712,6222.753,11.61984123,2582.884306
"187",6037124700,23,0,0,0.15,0.16,0.17,0.06,0.06,89674,10645.52,11.59357465,3238.326909
"188",6037124902,23,0,0,0.15,0.21,0.29,0.04,0.1,31852,20699.53,11.51704216,1097.819375
"189",6037124903,23,0,0,0.12,0.17,0.2,0.09,0.12,61429,29101.55,11.54776039,1006.195322
"190",6037125200,23,0,0,0.21,0.09,0.24,0.1,0.1,75260,7764.505,11.5294955,1980.95939
"191",6037125310,24,0,0,0.13,0.09,0.38,0.16,0.05,48958,10601.23,11.54950171,799.3948159
"192",6037125402,23,1,1,0.12,0.06,0.28,0.05,0.07,80299,18185.5,11.53361756,2569.141229
"193",6037125501,23,0,0,0.08,0.08,0.27,0.08,0.06,46767,17032.38,11.54284994,1051.128305
"194",6037125502,23,0,0,0.11,0.14,0.27,0.05,0.1,68700,17276.06,11.54803852,2046.828964
"195",6037125600,23,1,0,0.2,0.18,0.15,0.02,0.06,82401,7119.589,11.66912326,2390.338829
"196",6037127102,23,0,0,0.22,0.06,0.64,0.32,0.08,44955,17418.94,11.6846695,1159.363223
"197",6037127103,23,0,0,0.3,0.1,0.57,0.19,0.03,52096,28751.44,11.61456405,1568.447537
"198",6037127104,23,0,0,0.31,0.09,0.5,0.23,0.11,39067,13981.8,11.68435272,1190.090765
"199",6037127210,24,0,0,0.23,0.08,0.63,0.22,0.12,55997,9820.055,11.99025794,1223.664584
"200",6037127220,23,0,0,0.24,0.14,0.53,0.26,0.11,39645,20012.08,11.80687777,1063.396908
"201",6037127300,23,1,1,0.18,0.13,0.66,0.23,0.06,49375,9313.557,12.08174436,3796.12954
"202",6037127400,24,1,1,0.29,0.06,0.62,0.29,0.05,53695,7872.366,12.29587676,2892.070994
"203",6037127520,24,0,0,0.28,0.09,0.76,0.47,0.09,35728,34678.72,12.06000567,4841.936815
"204",6037127603,23,0,0,0.35,0.06,0.63,0.32,0.09,42292,18419.12,12.32883267,2569.864417
"205",6037127604,23,0,0,0.22,0.14,0.56,0.33,0.07,44798,18816.75,12.43581973,2276.98245
"206",6037127605,23,0,0,0.33,0.02,0.79,0.33,0.06,46071,17385.17,12.32883267,1167.068769
"207",6037127606,23,0,0,0.21,0.12,0.57,0.21,0.06,60904,15824.36,12.20778772,3629.280562
"208",6037127711,22,0,0,0.24,0.1,0.44,0.25,0.1,64018,9806.306,12.08262759,3893.945275
"209",6037127712,22,0,0,0.2,0.07,0.5,0.18,0.05,42662,16175.87,12.12103103,2906.344678
"210",6037127803,23,0,0,0.25,0.18,0.64,0.33,0.05,43071,19359.18,11.77593619,1237.16521
"211",6037127804,23,0,0,0.21,0.08,0.54,0.17,0.09,53792,17663.39,11.89473641,1437.980494
"212",6037127805,23,0,0,0.2,0.14,0.62,0.35,0.05,49457,15287.09,11.85390933,1376.544159
"213",6037127806,23,0,0,0.21,0.09,0.54,0.33,0.06,42946,12483.98,11.85390933,1383.199688
"214",6037127910,23,0,0,0.24,0.11,0.68,0.31,0.1,46190,20316.21,11.77593619,1071.453953
"215",6037127920,23,0,0,0.24,0.08,0.45,0.2,0.06,56458,18828.61,11.63653858,936.9241014
"216",6037128101,22,0,0,0.21,0.11,0.47,0.15,0.09,56023,14907.79,11.63653858,1048.798265
"217",6037128102,23,0,0,0.24,0.07,0.58,0.29,0.04,46699,18462.62,11.74227149,1173.841277
"218",6037128210,24,0,0,0.27,0.03,0.63,0.38,0.07,31168,23585.03,11.73113429,1257.74796
"219",6037128220,23,0,0,0.18,0.12,0.32,0.2,0.03,41570,13574.77,11.66422752,1210.948169
"220",6037128302,23,0,0,0.24,0.08,0.3,0.4,0.04,46413,18798.79,11.85390933,1247.91131
"221",6037128303,24,0,0,0.32,0.05,0.31,0.48,0.09,39488,26128.82,11.84362669,1256.310174
"222",6037128400,23,0,0,0.25,0.11,0.34,0.07,0.04,72500,6755.89,11.90297183,3033.525029
"223",6037128500,23,0,0,0.16,0.14,0.31,0.08,0.05,74375,10926.03,11.73546463,1080.16579
"224",6037128601,23,0,0,0.23,0.07,0.46,0.16,0.09,48173,16594.87,11.73546463,1096.960515
"225",6037128602,23,0,0,0.17,0.16,0.14,0.12,0.07,85284,7927.477,11.67692826,859.7631366
"226",6037128801,23,0,0,0.11,0.15,0.38,0.05,0.07,65449,17993.85,11.91664471,4505.920793
"227",6037128802,23,0,0,0.2,0.14,0.29,0.06,0.02,89735,12454.61,11.78721362,1243.647145
"228",6037128910,23,1,1,0.19,0.11,0.25,0.06,0.08,104392,9292.165,11.77575945,5520.677377
"229",6037131100,23,0,0,0.22,0.16,0.39,0.18,0.03,81613,7514.958,12.72007499,898.8314513
"230",6037131200,23,0,0,0.17,0.16,0.32,0.12,0.03,81929,7842.808,13.09110197,597.8179821
"231",6037131300,23,0,0,0.23,0.13,0.47,0.2,0.04,71848,11819.31,13.328001,735.5141651
"232",6037131400,23,0,0,0.19,0.15,0.56,0.17,0.06,67730,14894.63,13.92093494,880.738931
"233",6037131600,22,0,0,0.21,0.13,0.51,0.3,0.05,77222,6326.619,12.83145517,1077.944327
"234",6037131701,23,0,0,0.24,0.13,0.45,0.18,0.09,71595,21935.71,13.04879399,1123.751915
"235",6037131702,23,0,0,0.24,0.12,0.52,0.24,0.08,68083,13630.68,13.58372945,1166.113124
"236",6037131900,23,0,0,0.17,0.13,0.45,0.16,0.08,86818,9032.029,13.29586683,878.6829522
"237",6037132001,23,0,0,0.23,0.11,0.49,0.14,0.06,83039,9259.449,13.41191039,1050.267274
"238",6037132002,23,0,0,0.21,0.13,0.39,0.15,0.02,109891,5428.529,13.10021891,1026.313051
"239",6037132101,23,0,0,0.21,0.09,0.65,0.16,0.05,73550,14842.88,12.59506202,1154.54112
"240",6037132102,23,0,0,0.21,0.14,0.5,0.16,0.07,49838,10200.71,12.78250401,1122.164466
"241",6037132501,23,0,0,0.22,0.18,0.4,0.25,0.06,60156,16882.13,14.1439342,1216.453675
"242",6037132502,23,0,0,0.18,0.16,0.41,0.16,0.18,52712,16531.91,13.2969311,1296.050811
"243",6037132700,23,0,0,0.26,0.11,0.46,0.3,0.03,64412,9627.929,14.58823142,1230.666278
"244",6037132900,23,0,0,0.18,0.17,0.31,0.13,0.07,81042,8492.438,13.67637814,915.5161098
"245",6037133000,23,0,0,0.21,0.14,0.39,0.23,0.08,72864,12409.86,13.28667479,1158.430453
"246",6037134001,23,0,0,0.23,0.09,0.53,0.39,0.05,63846,17215.14,11.84082938,1406.369996
"247",6037134002,23,0,0,0.24,0.14,0.45,0.27,0.04,54138,12813.57,11.84082938,1373.955187
"248",6037134101,23,0,0,0.26,0.12,0.64,0.33,0.07,69476,13557.7,12.21868346,980.6782301
"249",6037134103,23,0,0,0.21,0.18,0.49,0.14,0.06,81833,11592.43,11.8586098,1024.987094
"250",6037134104,23,0,0,0.23,0.11,0.67,0.22,0.04,60582,18458.26,12.21868346,969.0943277
"251",6037134201,23,0,0,0.23,0.1,0.54,0.22,0.03,91758,8403.203,11.59347741,1259.094353
"252",6037134302,23,0,0,0.18,0.13,0.47,0.12,0.07,103750,8194.676,10.96490305,770.0101971
"253",6037134303,23,0,0,0.16,0.16,0.41,0.22,0.06,78864,9797.801,11.0936932,911.9347794
"254",6037134304,23,0,0,0.19,0.18,0.54,0.16,0.06,64167,7720.897,11.18491889,1026.456359
"255",6037134305,24,0,0,0.31,0.03,0.69,0.47,0.05,37606,30298.06,11.50949454,1127.865463
"256",6037134306,24,0,0,0.21,0.12,0.46,0.21,0.03,69286,17989.07,11.32227028,1056.229026
"257",6037134421,23,0,0,0.22,0.18,0.16,0.02,0.07,140313,5137.346,10.43018258,596.8957327
"258",6037134422,23,0,0,0.22,0.16,0.36,0.04,0.06,121250,5454.178,10.69531607,622.2150763
"259",6037134423,23,0,0,0.17,0.24,0.31,0.06,0.04,100950,5873.015,10.67639216,380.3940262
"260",6037134424,23,0,0,0.18,0.23,0.29,0.04,0.08,147679,2035.142,10.2593901,419.9639179
"261",6037134520,24,0,0,0.25,0.09,0.53,0.35,0.03,46011,16524.56,11.5987061,1045.567517
"262",6037134521,23,0,0,0.29,0.04,0.67,0.49,0.06,57669,27174.61,11.67746028,1223.924428
"263",6037134522,23,0,0,0.26,0.07,0.52,0.31,0.07,37869,17540.02,11.32227028,1012.14744
"264",6037134710,23,0,0,0.26,0.1,0.7,0.33,0.07,46050,26688.55,12.10983792,1038.579609
"265",6037134720,23,0,0,0.2,0.1,0.71,0.22,0.08,66650,13280.58,12.54060138,1103.557438
"266",6037134901,23,0,0,0.21,0.17,0.27,0.13,0.04,74125,7722.227,12.76048166,1121.291001
"267",6037134904,23,0,0,0.17,0.1,0.51,0.26,0.06,49866,10147.75,11.93699275,1226.378961
"268",6037134905,23,0,0,0.07,0.09,0.35,0.02,0.08,84224,4557.721,12.04220557,1082.964955
"269",6037135102,23,0,0,0.19,0.16,0.27,0.06,0.05,145313,5837.106,11.07405896,916.4114023
"270",6037135111,23,0,0,0.21,0.11,0.29,0.09,0.05,101554,8363.114,11.31242478,1047.952483
"271",6037135113,23,0,0,0.19,0.13,0.41,0.06,0.04,85505,14024.67,11.3408212,785.1900004
"272",6037135201,23,0,0,0.26,0.17,0.38,0.07,0.01,106550,4715.083,10.96486927,722.3644306
"273",6037135202,23,0,0,0.24,0.13,0.32,0.05,0.07,116321,6918.021,10.79494027,483.6387298
"274",6037137103,23,1,1,0.12,0.18,0.22,0.09,0.03,89344,18348.09,11.56304345,2500.157901
"275",6037137104,23,0,0,0.2,0.24,0.18,0.08,0.04,106111,2781.093,12.06378259,3293.031753
"276",6037137301,22,0,0,0.17,0.18,0.22,0.05,0.05,156250,3673.129,10.81493911,347.2177532
"277",6037137302,23,0,0,0.19,0.23,0.17,0.03,0.04,145286,4709.194,10.52350498,588.4570993
"278",6037137401,22,1,1,0.21,0.15,0.18,0.03,0.05,125781,4712.33,11.17770393,2002.050477
"279",6037137402,23,0,0,0.18,0.25,0.16,0.04,0.05,115978,4508.157,10.8917272,2550.160297
"280",6037137501,22,0,0,0.21,0.13,0.23,0.05,0.09,92156,5062.727,12.01491957,3650.02292
"281",6037137502,22,1,1,0.21,0.19,0.27,0.02,0.05,99688,5636.653,11.56367733,2748.081282
"282",6037137504,52,0,0,0.16,0.25,0.09,0.03,0.03,143875,1454.419,11.6497582,336.2062924
"283",6037138000,52,0,0,0.18,0.23,0.24,0.06,0.06,127983,2768.246,11.36947068,577.5295582
"284",6037139001,23,1,1,0.21,0.14,0.12,0.06,0.06,86488,11780.18,12.92719681,4048.266455
"285",6037139200,23,0,0,0.19,0.16,0.18,0.09,0.08,70463,12729.3,13.05253739,3153.781923
"286",6037139301,22,0,0,0.23,0.18,0.29,0.08,0.1,126328,4017.402,12.61681879,2934.117082
"287",6037139302,24,0,0,0.21,0.12,0.34,0.09,0.08,46743,38280.7,13.04237213,4178.020831
"288",6037139303,24,0,0,0.17,0.12,0.3,0.09,0.06,54470,26549.98,13.04237213,3650.347833
"289",6037139401,23,0,0,0.16,0.19,0.15,0.06,0.01,57440,7724.925,12.60171498,3953.278058
"290",6037139402,22,0,0,0.26,0.23,0.16,0.05,0.05,137578,3072.302,12.57915137,3094.117536
"291",6037139502,23,0,0,0.17,0.24,0.17,0.1,0.08,79500,7212.075,12.34764355,2134.796636
"292",6037139504,24,0,0,0.16,0.17,0.18,0.08,0.1,56212,35821.48,12.66717011,4173.018811
"293",6037139600,22,1,1,0.22,0.21,0.17,0.07,0.09,77000,5289.782,12.45084001,2829.299108
"294",6037139701,22,0,0,0.2,0.2,0.18,0.03,0.03,152833,4056.87,12.09810952,3698.410686
"295",6037139703,52,0,0,0.24,0.23,0.19,0.04,0.04,124830,1566.953,11.88097157,186.8757681
"296",6037139801,22,0,0,0.19,0.27,0.16,0.04,0.05,157557,2464.405,11.96890818,531.7578607
"297",6037139802,52,0,0,0.21,0.25,0.21,0.04,0.04,153523,1758.413,11.74846744,343.146272
"298",6037141101,23,0,0,0.22,0.09,0.26,0.02,0.04,73333,16430.98,11.59809285,3173.552163
"299",6037141102,22,0,0,0.19,0.14,0.21,0.03,0.03,98125,10388.58,11.63355936,2578.420515
"300",6037141201,23,0,0,0.14,0.09,0.22,0.03,0.05,84205,17125.34,11.73555866,3723.907002
"301",6037141202,22,0,0,0.18,0.11,0.18,0.01,0.09,81250,9891.281,11.64698253,772.5369076
"302",6037141303,24,0,0,0.1,0.15,0.2,0.03,0.05,82448,34272.69,11.80268144,5552.818695
"303",6037141304,23,0,0,0.14,0.13,0.15,0.02,0.06,98375,10891.07,11.80268144,3211.246594
"304",6037141400,22,1,1,0.22,0.21,0.21,0.03,0.04,101327,6611.74,11.9420043,6163.268679
"305",6037141500,22,0,0,0.22,0.23,0.13,0,0.04,219698,2318.261,11.6681151,4028.700419
"306",6037141600,22,0,0,0.2,0.21,0.16,0.01,0.1,196741,2811.418,11.57294261,2744.476457
"307",6037141700,22,0,0,0.21,0.2,0.12,0.01,0.07,250001,2523.641,11.47297029,732.3753171
"308",6037143200,23,1,1,0.11,0.1,0.28,0.04,0.07,75521,11054.41,11.48698965,2866.135612
"309",6037143500,23,0,0,0.22,0.11,0.16,0.02,0.09,108542,11914.15,11.55932918,1173.197462
"310",6037143602,23,0,0,0.14,0.17,0.23,0.07,0.07,106442,10782.22,11.4411813,1192.006065
"311",6037143603,23,0,0,0.11,0.13,0.2,0.02,0.08,87000,12605.04,11.53404464,2388.530383
"312",6037143700,22,0,0,0.14,0.12,0.17,0.02,0.08,111985,3006.44,11.57869279,2540.64109
"313",6037143901,52,0,0,0.23,0.22,0.12,0.02,0.09,212188,1995.232,11.42938279,1095.143943
"314",6037143902,52,0,0,0.17,0.18,0.12,0.01,0.04,110508,2840,11.4048767,598.9635734
"315",6037181000,23,1,0,0.21,0.2,0.41,0.06,0.03,116958,4072.553,11.54586553,3526.668938
"316",6037181300,23,1,0,0.17,0.18,0.51,0.08,0.04,110508,7305.947,11.72684954,2794.416207
"317",6037181400,23,0,0,0.18,0.16,0.57,0.1,0.08,85262,14561.57,11.66426642,1131.061732
"318",6037181500,23,0,0,0.18,0.17,0.44,0.14,0.06,98250,9361.995,11.57992001,806.702828
"319",6037181600,23,0,0,0.14,0.09,0.54,0.14,0.12,82443,9595.119,11.59256118,876.555019
"320",6037183101,23,0,0,0.21,0.18,0.42,0.16,0.02,54548,9077.125,11.4298025,737.1250534
"321",6037183103,23,0,0,0.2,0.09,0.56,0.22,0.09,61719,17664.44,11.49946691,1266.598929
"322",6037183104,23,0,0,0.15,0.19,0.45,0.18,0.07,92806,8392.723,11.49946691,714.7316247
"323",6037183220,23,0,0,0.19,0.15,0.56,0.27,0.08,63899,20105.97,11.55230672,670.5790782
"324",6037183221,23,0,0,0.2,0.12,0.58,0.2,0.08,60048,12906.68,11.55230672,829.2391503
"325",6037183222,23,0,0,0.15,0.21,0.48,0.13,0.09,79861,9741.609,11.56320221,575.7947178
"326",6037183300,23,0,0,0.15,0.13,0.56,0.2,0.03,75233,16684.29,11.70185673,282.9640013
"327",6037183401,23,0,0,0.2,0.14,0.59,0.25,0.06,61875,13506.75,11.7845552,216.4341254
"328",6037183402,23,0,0,0.17,0.12,0.63,0.18,0.06,65568,15162.94,11.74162162,1107.102855
"329",6037183510,23,0,0,0.18,0.14,0.45,0.25,0.07,75486,13337.12,11.77745707,229.5351189
"330",6037183520,23,0,0,0.23,0.08,0.59,0.35,0.11,52232,22756.64,11.77745707,469.0348965
"331",6037183610,23,0,0,0.21,0.1,0.5,0.33,0.09,57727,21991.19,11.77745707,516.8397407
"332",6037183620,23,0,0,0.24,0.12,0.47,0.26,0.06,55909,15570.86,11.64363901,738.0375354
"333",6037183701,23,0,0,0.15,0.12,0.41,0.25,0.03,48654,17489.91,11.68192709,1771.936816
"334",6037183702,23,0,0,0.19,0.1,0.44,0.14,0.07,62778,8334.067,11.68192709,1335.725289
"335",6037183810,23,0,0,0.24,0.06,0.57,0.32,0.11,59906,23700.3,11.82898336,1046.113703
"336",6037183820,23,0,0,0.21,0.03,0.66,0.3,0.05,46477,28907.89,11.82898336,1790.324629
"337",6037185202,22,0,0,0.16,0.15,0.4,0.17,0.07,64623,7790.991,12.14526757,657.124594
"338",6037185203,23,0,0,0.21,0.09,0.56,0.38,0.09,49698,16850.6,12.22285779,685.1839426
"339",6037185204,22,0,0,0.17,0.24,0.55,0.12,0.04,86971,5163.092,12.01395483,297.3830253
"340",6037185310,23,0,0,0.24,0.12,0.51,0.4,0.09,64671,19258.09,12.45587973,835.9060561
"341",6037185320,23,1,1,0.23,0.11,0.55,0.45,0.11,42202,13177.65,12.45587973,2390.883961
"342",6037186100,23,0,0,0.16,0.16,0.51,0.1,0.04,92569,9582.937,11.80853912,2325.538793
"343",6037186201,23,0,0,0.18,0.16,0.64,0.19,0.01,61733,15881.64,11.74162162,996.7967256
"344",6037186202,23,0,0,0.19,0.12,0.55,0.08,0.04,95089,12732.4,11.83627425,1551.732783
"345",6037186203,22,0,0,0.22,0.14,0.44,0.1,0.09,114461,10498.87,11.7845552,227.0274109
"346",6037186301,21,0,0,0.23,0.09,0.49,0.3,0.08,53125,6486.32,11.80898265,1957.306293
"347",6037186302,23,0,0,0.16,0.15,0.49,0.17,0.1,78264,7831.776,11.88924998,1477.231049
"348",6037186401,24,1,0,0.29,0.1,0.64,0.36,0.06,41450,9377.344,11.98082094,2264.840515
"349",6037186403,23,1,0,0.2,0.19,0.63,0.3,0.06,59861,12806.59,11.94222572,1901.069575
"350",6037186404,23,0,0,0.23,0.1,0.62,0.24,0.08,62083,16986.85,12.05494302,739.4212147
"351",6037187101,23,0,0,0.15,0.22,0.4,0.19,0.03,76522,11708.63,11.96632968,2339.096356
"352",6037187102,23,1,1,0.19,0.13,0.59,0.21,0.09,56683,4955.6,12.23722675,2406.039789
"353",6037187200,23,1,1,0.15,0.12,0.46,0.28,0.07,76042,8356.792,12.06757527,3663.348872
"354",6037187300,23,1,1,0.15,0.11,0.3,0.04,0.07,112250,7970.428,12.09359499,2607.939633
"355",6037188100,24,1,1,0.12,0.1,0.53,0.18,0.02,62500,4838.825,11.89731689,3049.219419
"356",6037188201,23,0,0,0.13,0.08,0.31,0.02,0.06,81475,11943.4,12.00322844,1685.771823
"357",6037188202,22,0,0,0.11,0.21,0.31,0.02,0.04,113267,8281.342,11.94592608,1833.274201
"358",6037188300,23,0,0,0.18,0.16,0.59,0.11,0.09,114318,10867.16,11.96632968,2079.063259
"359",6037189101,24,0,0,0.1,0.13,0.26,0.05,0.06,81591,16520.32,11.9949196,915.4867573
"360",6037189102,23,0,0,0.1,0.14,0.23,0.02,0.05,85708,13921.03,11.92720438,1382.72165
"361",6037189201,24,0,0,0.09,0.12,0.23,0.1,0.06,41950,25573.69,11.99265418,923.724974
"362",6037189202,22,0,0,0.15,0.19,0.19,0.04,0.07,118018,6007.775,11.92720438,1110.908573
"363",6037189300,22,0,0,0.2,0.23,0.21,0.05,0.07,174293,4249.017,11.90145406,1188.132862
"365",6037189600,23,1,0,0.09,0.09,0.23,0.06,0.07,74760,9420.538,11.78493345,3466.154182
"366",6037189702,22,1,0,0.09,0.18,0.17,0.02,0.15,96793,3908.281,11.78433174,3264.585567
"367",6037189903,24,0,0,0.01,0.13,0.22,0.05,0.1,64975,64435.08,11.7676418,1371.686245
"368",6037189904,24,0,0,0.05,0.09,0.31,0.04,0.06,49960,39515.17,11.7676418,1544.205696
"369",6037189905,23,0,0,0.05,0.19,0.16,0.02,0.07,72837,24379.57,11.7676418,1170.337655
"370",6037190201,24,0,0,0.06,0.13,0.4,0.1,0.12,30053,30049.76,11.97058361,1687.761441
"371",6037190202,24,0,0,0.03,0.16,0.44,0.06,0.07,32418,39515.89,11.98642408,1547.893209
"372",6037190401,24,0,0,0.07,0.1,0.36,0.13,0.1,48188,46189.66,11.99265418,946.4740916
"373",6037190402,24,0,0,0.08,0.15,0.33,0.09,0.03,40000,39093.91,11.99265418,1197.219916
"374",6037190510,24,0,0,0.15,0.08,0.57,0.15,0.05,41950,32953.12,12.00004387,1447.258287
"375",6037190520,24,0,0,0.15,0.15,0.53,0.19,0.09,41011,42242.84,11.99265418,1119.303534
"376",6037190801,24,0,0,0.1,0.16,0.53,0.15,0.17,25858,21426.58,11.97617641,1146.0744
"377",6037190802,24,0,0,0.1,0.09,0.59,0.28,0.09,50167,15866.81,11.90677464,1142.09996
"378",6037190901,24,1,0,0.19,0.08,0.66,0.37,0.04,38140,24235.57,12.00979423,2017.056531
"379",6037190902,24,0,0,0.16,0.1,0.52,0.22,0.03,46406,18709.95,11.8825333,1277.835174
"380",6037191000,24,0,0,0.1,0.05,0.44,0.1,0.05,64816,17782.85,11.97617641,1781.690134
"381",6037191110,24,0,0,0.06,0.21,0.38,0.24,0.04,37700,33026.38,12.00979423,1711.647449
"382",6037191120,24,1,0,0.14,0.19,0.6,0.28,0.13,40071,26605.33,12.00979423,2187.349198
"383",6037191201,24,0,0,0.09,0.22,0.44,0.15,0.04,45332,19976.67,12.01277774,1008.189973
"384",6037191203,24,0,0,0.13,0.16,0.64,0.26,0.15,26919,30076.51,12.01277774,1067.811022
"385",6037191204,23,0,0,0.17,0.13,0.63,0.22,0.06,41453,26184.91,12.01277774,854.707278
"386",6037191301,23,0,0,0.17,0.13,0.74,0.24,0.02,36875,21058.12,12.03217459,903.172948
"387",6037191302,24,0,0,0.13,0.09,0.66,0.22,0.07,45982,11935.85,12.03217459,997.6314754
"388",6037191410,24,0,0,0.18,0.08,0.75,0.29,0.07,42538,38643.75,12.08445864,902.2727865
"389",6037191420,24,0,0,0.16,0.07,0.71,0.24,0.04,61190,35296.56,12.08445864,813.7866398
"390",6037191500,23,0,0,0.16,0.13,0.66,0.29,0.06,49726,23950.11,12.05932002,2100.439241
"391",6037191610,23,1,0,0.19,0.09,0.7,0.3,0.08,48767,26257.77,12.01439591,3183.01241
"392",6037191620,24,1,0,0.17,0.2,0.77,0.42,0.16,27306,28655.67,12.01439591,3347.279442
"393",6037191710,24,0,0,0.17,0.13,0.63,0.4,0.07,30085,10785.16,11.8825333,1296.874125
"394",6037191720,24,1,0,0.24,0.09,0.61,0.4,0.04,32355,31590.12,12.00979423,1452.625354
"395",6037191810,24,0,0,0.18,0.07,0.51,0.33,0.07,49491,21572.23,11.90037867,906.8688774
"396",6037191820,24,0,0,0.13,0.09,0.54,0.17,0.05,56996,20323.92,11.90037867,953.4233513
"397",6037191901,24,0,0,0.08,0.08,0.34,0.08,0.05,57000,10250.6,11.89127311,1457.240744
"398",6037191902,23,0,0,0.14,0.08,0.16,0.04,0.03,94432,9941.989,11.89127311,1539.686215
"399",6037192001,23,0,0,0.11,0.18,0.23,0.05,0.07,74063,11564.65,11.89127311,1407.46846
"400",6037192002,23,0,0,0.11,0.12,0.23,0.03,0.1,111111,7836.415,11.76734525,1048.647919
"401",6037192300,23,0,0,0.09,0.17,0.32,0.04,0.09,88988,7253.194,11.84738147,1171.660996
"402",6037192410,23,0,0,0.13,0.14,0.47,0.06,0.05,73750,14012.24,11.92386634,1111.217214
"403",6037192420,24,0,0,0.19,0.1,0.7,0.24,0.03,56194,34118.02,12.01439591,1375.9775
"404",6037192510,24,0,0,0.2,0.12,0.69,0.35,0.06,49464,29187.25,12.01439591,1551.218903
"405",6037192520,24,0,0,0.25,0.09,0.72,0.38,0.02,45823,44335.65,12.04695849,2053.536003
"406",6037192610,23,0,0,0.19,0.13,0.68,0.28,0.06,35948,23087.48,12.10279177,3082.310819
"407",6037192620,24,0,0,0.2,0.07,0.71,0.46,0.06,40850,37665.21,12.10279177,2209.398157
"408",6037192700,23,0,0,0.14,0.1,0.63,0.21,0.03,52603,16816.24,12.16076534,2499.944951
"409",6037194101,52,0,0,0.1,0.11,0.28,0.02,0.05,86417,3337.873,11.55801526,1103.786375
"410",6037194102,22,0,0,0.14,0.22,0.2,0.04,0.09,122829,2359.498,11.55141434,1025.255057
"411",6037194200,22,0,0,0.19,0.13,0.22,0.02,0.08,168227,3506.094,11.58761166,1919.299481
"412",6037194300,22,0,0,0.17,0.16,0.1,0,0.04,177383,3418.941,11.50092642,1492.334209
"413",6037194401,23,0,0,0.06,0.13,0.27,0.03,0.07,86800,13295.88,11.72971837,1296.260459
"414",6037194402,23,0,0,0.05,0.16,0.13,0.03,0.03,100368,15733.32,11.71336866,1354.266529
"415",6037194500,23,0,0,0.12,0.18,0.17,0.03,0.06,113571,7630.049,11.72971837,1445.786586
"416",6037195100,23,0,0,0.2,0.15,0.27,0.04,0.08,127768,8231.465,12.00322844,987.9833434
"417",6037195201,23,0,0,0.13,0.12,0.31,0.05,0.04,85114,13483.95,12.00420537,864.4698399
"418",6037195202,23,0,0,0.18,0.1,0.21,0.06,0.07,117630,9746.578,12.0137843,847.3236828
"419",6037195300,23,0,0,0.12,0.09,0.35,0.12,0.09,75104,13785.62,12.03217459,1000.749302
"420",6037195400,23,0,0,0.08,0.14,0.26,0.03,0.05,98461,11188.52,12.13679062,1155.021845
"421",6037195500,23,0,0,0.12,0.14,0.43,0.07,0.05,99660,11824.48,12.17613597,2922.933251
"422",6037195600,23,0,0,0.14,0.11,0.51,0.22,0.05,72035,14472.2,12.22276714,3462.501109
"423",6037195710,23,1,0,0.19,0.1,0.58,0.27,0.09,45398,24040.21,12.21911535,4804.45687
"424",6037195720,23,1,0,0.12,0.18,0.62,0.33,0.04,41136,17925.03,12.21911535,5637.221549
"425",6037195802,23,0,0,0.16,0.13,0.73,0.22,0.07,53889,17314.93,12.19449024,3691.429139
"426",6037195803,23,0,0,0.13,0.09,0.45,0.14,0.08,83167,18076.77,12.22276714,1453.77909
"427",6037195804,23,0,0,0.14,0.13,0.45,0.14,0.04,71467,19533.55,12.22276714,3192.572263
"428",6037195901,23,0,0,0.08,0.12,0.35,0.14,0.08,64138,19918.26,12.08445864,642.6676625
"429",6037195902,23,0,0,0.12,0.07,0.38,0.05,0.05,68875,14560.1,12.08445864,1333.167334
"430",6037195903,23,0,0,0.11,0.1,0.51,0.18,0.04,52446,21843.95,12.16076534,2792.874727
"431",6037197200,23,0,0,0.18,0.16,0.68,0.27,0.01,59719,13605.76,12.25891972,5312.817073
"432",6037197300,23,0,0,0.09,0.12,0.42,0.14,0.03,83843,16040.83,12.35660149,812.3080413
"433",6037197410,23,1,1,0.16,0.12,0.3,0.11,0.04,100556,8050.784,12.11289442,2810.898503
"434",6037197420,23,0,0,0.15,0.11,0.57,0.23,0.06,65438,14995.18,12.25375816,3145.776301
"435",6037197500,23,1,0,0.15,0.09,0.55,0.21,0.06,75571,17428.01,12.37542981,2450.706272
"436",6037197600,23,1,0,0.11,0.09,0.56,0.19,0.05,74038,14447.37,12.53587816,3417.885186
"437",6037197700,23,1,0,0.15,0.14,0.66,0.29,0.05,54759,19678.55,12.80327609,2097.011999
"438",6037199110,22,0,0,0.23,0.16,0.64,0.41,0.13,59395,7767.308,12.29318207,1030.181306
"439",6037199120,23,0,0,0.25,0.15,0.61,0.4,0.13,38970,12387.91,12.44209355,899.6802936
"440",6037199201,23,0,0,0.25,0.1,0.82,0.39,0.14,34277,23986.71,12.70430833,946.9841038
"441",6037199202,23,0,0,0.2,0.12,0.56,0.33,0.11,67257,8561.688,12.16478122,1213.572277
"442",6037199300,52,0,0,0.17,0.15,0.56,0.3,0.1,81172,4266.984,11.8291691,1929.748024
"443",6037199400,23,0,0,0.2,0.11,0.69,0.42,0.1,44637,18397.44,12.31141865,1511.705885
"444",6037199700,24,0,0,0.18,0.16,0.67,0.35,0.04,42614,8465.477,13.26241232,2494.648197
"445",6037199900,24,0,0,0.24,0.15,0.72,0.5,0.11,39184,15738.28,12.7350876,2434.411276
"446",6037201110,22,0,0,0.16,0.16,0.51,0.28,0.02,67059,5484.405,11.62234049,900.6062362
"447",6037201120,23,0,0,0.26,0.12,0.65,0.27,0.09,68667,13548.78,11.86386022,684.0771027
"448",6037201200,23,0,0,0.24,0.12,0.55,0.42,0.07,46976,16995.57,11.92907459,1264.728011
"449",6037201301,23,0,0,0.24,0.14,0.6,0.4,0.05,59955,13449.48,12.07626386,982.9639699
"450",6037201302,22,0,0,0.13,0.17,0.73,0.12,0.03,91250,11336.92,11.80022725,665.7150745
"451",6037201401,23,0,0,0.23,0.12,0.67,0.32,0.06,51212,9499.659,12.11019063,1075.886279
"452",6037201402,23,0,0,0.2,0.21,0.64,0.39,0.06,55352,6664.319,12.19527041,706.7247204
"453",6037201501,23,0,0,0.22,0.13,0.62,0.33,0.09,60088,15640.57,11.9405062,584.0486749
"454",6037201503,23,0,0,0.27,0.11,0.66,0.32,0.07,51433,19830.39,11.96568323,1179.014019
"455",6037201504,23,0,0,0.22,0.16,0.65,0.39,0.09,53750,16186.46,11.96568323,677.0782795
"456",6037201601,23,0,0,0.2,0.15,0.67,0.27,0.16,55795,11133.23,11.98109779,671.9479911
"457",6037201602,23,0,0,0.2,0.16,0.63,0.37,0.11,55909,7193.297,11.96906139,818.4180647
"458",6037201700,23,0,0,0.17,0.08,0.55,0.23,0.12,64769,8426.73,12.08423947,967.4899402
"459",6037203100,23,1,1,0.31,0.1,0.44,0.53,0.09,33179,17719.7,12.41775036,1663.608361
"460",6037203200,23,1,1,0.33,0.08,0.48,0.43,0.05,56161,28586.23,12.28025039,1665.071729
"461",6037203300,23,1,1,0.43,0.08,0.49,0.52,0.12,39750,3478.801,12.57687534,2125.866346
"462",6037203500,24,1,1,0.25,0.13,0.4,0.33,0.04,41444,4608.726,12.84192716,3196.052323
"463",6037203710,23,0,0,0.29,0.1,0.33,0.55,0.03,46840,30025.17,12.41048715,1116.544254
"464",6037203720,23,0,0,0.32,0.08,0.45,0.51,0.06,37917,32850.63,12.41048715,875.3541577
"465",6037203800,23,0,0,0.27,0.11,0.49,0.45,0.07,45108,25661.23,12.28627082,533.5577286
"466",6037203900,23,0,0,0.25,0.11,0.45,0.45,0.06,57054,19347.39,12.23190845,1856.805971
"467",6037204110,23,0,0,0.27,0.1,0.54,0.42,0.07,57417,14095.51,12.28627082,700.8575734
"468",6037204120,23,0,0,0.26,0.13,0.43,0.42,0.06,52813,29213.35,12.23190845,1414.158391
"469",6037204200,23,0,0,0.31,0.07,0.32,0.57,0.05,32946,31445.96,12.28627082,842.0443545
"470",6037204300,23,0,0,0.28,0.12,0.43,0.54,0.09,41912,21916,12.41369527,820.7364047
"471",6037204410,24,0,0,0.3,0.14,0.53,0.55,0.03,47232,22464.59,12.63753163,3567.987479
"472",6037204420,24,0,0,0.26,0.06,0.52,0.51,0.06,29730,27043.89,12.63753163,795.7488349
"473",6037204600,23,1,1,0.26,0.12,0.32,0.51,0.09,31786,18730.24,12.47302993,3291.982798
"474",6037204700,23,1,1,0.28,0.12,0.39,0.41,0.09,54809,14114.66,12.30827709,4013.208536
"475",6037204810,23,0,0,0.27,0.09,0.36,0.5,0.07,46440,17756.65,12.30827709,4050.333875
"476",6037204820,23,0,0,0.26,0.12,0.56,0.45,0.02,40000,18129.85,12.24094412,3550.700079
"477",6037204910,23,0,0,0.25,0.12,0.32,0.55,0.07,38523,16694.06,12.25496306,3824.66063
"478",6037204920,24,0,0,0.3,0.14,0.32,0.52,0.06,39904,7829.974,12.25164028,2522.622269
"479",6037205110,23,1,0,0.32,0.04,0.35,0.61,0.05,47219,35235.72,12.25398221,752.2054963
"480",6037205120,24,0,0,0.33,0.09,0.45,0.59,0.03,26844,6267.71,12.27407804,928.4647117
"481",6037206010,24,1,0,0.2,0.16,0.73,0.49,0.08,42063,7526.312,13.32985065,1563.55891
"482",6037206020,24,1,0,0,0.01,0.61,0.34,0.01,100809,27480.36,12.8734267,1951.413014
"483",6037206050,24,1,1,0.19,0.27,0.47,0.44,0.1,23380,3200.792,12.41537427,3665.685846
"484",6037207101,24,1,0,0.15,0.18,0.8,0.25,0.1,39063,32070.39,12.87564539,2813.640873
"485",6037207102,24,0,0,0.14,0.28,0.89,0.41,0.11,30165,18259,12.87564539,1750.291405
"486",6037207103,24,0,0,0.14,0.26,0.9,0.45,0.14,29243,19121.47,12.87564539,1546.351247
"487",6037207400,24,1,0,0.03,0.04,0.6,0.11,0.11,87000,4618.992,12.62517064,1934.587646
"488",6037207501,23,0,0,0.06,0.1,0.67,0.01,0.08,60625,42283.71,12.54205752,2302.009188
"489",6037207502,24,0,0,0.03,0.5,0.74,0.21,0.04,18594,17878.21,12.52185449,1616.561902
"490",6037208301,23,0,0,0.28,0.03,0.72,0.56,0.05,50093,59849.33,12.33647073,1088.525375
"491",6037208302,23,0,0,0.25,0.08,0.55,0.43,0.08,38365,31017.36,12.33647073,1241.496196
"492",6037208401,24,0,0,0.22,0.14,0.78,0.47,0.06,31218,53733.02,12.33647073,1156.58967
"493",6037208402,23,1,0,0.23,0.08,0.73,0.32,0.06,45804,22012.05,12.33647073,3455.10743
"494",6037208501,23,1,0,0.14,0.14,0.79,0.25,0.07,56974,24140.81,12.21911535,1023.810856
"495",6037208502,23,0,0,0.25,0.09,0.69,0.44,0.07,41804,43298.26,12.20870236,1086.472377
"496",6037208610,24,0,0,0.14,0.1,0.79,0.31,0.12,52537,32184.65,12.19449024,1371.530459
"497",6037208620,24,0,0,0.2,0.12,0.81,0.18,0.11,48910,35504.12,12.19449024,993.8994974
"498",6037208710,24,0,0,0.17,0.12,0.85,0.1,0.05,69656,73847.65,12.20870236,937.2028127
"499",6037208720,24,0,0,0.22,0.06,0.46,0.43,0.09,32727,67903.55,12.20870236,699.2034601
"500",6037208801,23,0,0,0.16,0.19,0.62,0.36,0.01,33211,33468.78,12.20870236,942.6264761
"501",6037208802,24,0,0,0.2,0.13,0.63,0.24,0.1,34079,37583.27,12.20870236,766.5039872
"502",6037208902,24,0,0,0.25,0.04,0.6,0.73,0.07,34568,37882.56,12.23163332,812.3132908
"503",6037208903,24,0,0,0.23,0.08,0.54,0.62,0.07,31731,70648.75,12.20870236,1030.418777
"504",6037208904,24,0,0,0.26,0.13,0.61,0.65,0.06,27250,91904.66,12.23163332,1057.477914
"505",6037209103,24,0,0,0.31,0.06,0.55,0.63,0.08,29509,76833.98,12.35408718,754.3126004
"506",6037209104,24,0,0,0.28,0.06,0.6,0.5,0.06,30078,94776.43,12.35408718,1335.861452
"507",6037209300,24,1,0,0.23,0.07,0.65,0.43,0.04,30092,41304.18,12.2587974,2127.417903
"508",6037209401,24,0,0,0.25,0.11,0.56,0.46,0.06,30926,53705.89,12.17561826,826.539592
"509",6037209402,24,0,0,0.27,0.06,0.57,0.71,0.08,32879,75341.3,12.23163332,906.5086736
"510",6037209403,24,0,0,0.22,0.15,0.61,0.48,0.1,27188,77737.69,12.23163332,757.4418663
"511",6037209510,24,0,0,0.24,0.1,0.66,0.48,0.08,30722,43657.54,12.17561826,1194.398891
"512",6037209520,24,0,0,0.27,0.08,0.48,0.54,0.12,33168,31336.69,12.23163332,1018.64937
"513",6037209810,24,0,0,0.18,0.21,0.58,0.5,0.12,30373,44840.64,12.18410918,1286.450026
"514",6037209820,24,0,0,0.34,0.05,0.58,0.56,0.12,31289,44437.31,12.18410918,897.1774445
"515",6037210010,24,0,0,0.21,0.14,0.78,0.46,0.04,31712,22551.43,12.2587974,2512.857059
"516",6037211000,22,0,0,0.23,0.14,0.42,0.02,0.06,127197,4995.217,11.97046367,1052.104189
"517",6037211121,24,0,0,0.17,0.11,0.66,0.14,0.04,48846,27277.56,12.19449024,1830.797472
"518",6037211122,24,0,0,0.21,0.07,0.67,0.2,0,50175,22410.18,12.12349272,1068.850299
"519",6037211201,24,0,0,0.16,0.1,0.66,0.38,0.04,44353,47611.37,12.10279177,890.981226
"520",6037211202,24,0,0,0.17,0.1,0.59,0.32,0.03,41280,32366,12.10279177,1008.237278
"521",6037211310,24,0,0,0.26,0.09,0.7,0.45,0.04,42637,69684.56,12.08514397,939.3403931
"522",6037211320,24,0,0,0.24,0.07,0.66,0.31,0.07,31250,46398.76,12.12349272,1023.330182
"523",6037211410,24,0,0,0.18,0.09,0.76,0.23,0.06,43011,26168.35,12.04695849,1447.6681
"524",6037211420,23,0,0,0.2,0.09,0.68,0.24,0.02,44330,24284,12.04695849,1085.19331
"525",6037211500,23,0,0,0.17,0.15,0.69,0.16,0.06,66042,11895.23,11.95832752,1200.529383
"526",6037211701,22,0,0,0.19,0.18,0.62,0.05,0.07,75469,10319.91,12.02897507,1228.334104
"527",6037211703,24,0,0,0.17,0.1,0.65,0.2,0.03,52352,68101.68,12.02897507,1308.008361
"528",6037211704,24,0,0,0.11,0.19,0.75,0.14,0.08,43462,39155.46,12.02897507,1248.867438
"529",6037211802,24,0,0,0.19,0.15,0.75,0.21,0.02,43720,37264.07,12.08514397,1130.542609
"530",6037211803,24,0,0,0.18,0.05,0.84,0.07,0.04,53301,68699.8,12.08514397,1102.203936
"531",6037211804,24,0,0,0.15,0.15,0.86,0.1,0.05,41635,44861.48,12.08514397,1426.912014
"532",6037211910,24,0,0,0.18,0.06,0.57,0.29,0.08,46941,82055.27,12.08514397,1122.389403
"533",6037211921,24,0,0,0.19,0.07,0.79,0.34,0,35993,70461.98,12.12349272,1404.191128
"534",6037211922,24,0,0,0.2,0.05,0.72,0.21,0.03,49554,91144.34,12.12349272,1566.875575
"535",6037212101,24,0,0,0.14,0.11,0.76,0.2,0.02,51370,44430.46,12.12928682,1176.931266
"536",6037212102,24,0,0,0.18,0.27,0.8,0.2,0.04,27167,42794.75,12.10099038,1134.447959
"537",6037212202,24,0,0,0.22,0.09,0.68,0.43,0.1,39229,42950.09,12.17561826,999.2646649
"538",6037212203,24,0,0,0.12,0.19,0.72,0.53,0.07,27092,70988.61,12.12928682,933.2470357
"539",6037212204,24,0,0,0.26,0.1,0.73,0.43,0.05,34196,43542.07,12.12928682,682.2628755
"540",6037212303,24,0,0,0.19,0.05,0.68,0.36,0.07,41797,63848.63,12.12928682,1029.814042
"541",6037212304,24,0,0,0.24,0.1,0.66,0.36,0.1,30265,23069.58,12.10099038,1051.655763
"542",6037212305,24,0,0,0.27,0.06,0.76,0.4,0.09,37550,72504.71,12.10099038,967.9892987
"543",6037212306,24,0,0,0.24,0.09,0.78,0.28,0.08,40590,54592.23,12.10099038,1021.965804
"544",6037212410,24,0,0,0.16,0.08,0.87,0.28,0.07,46424,71146.37,12.10099038,983.7420825
"545",6037212420,24,0,0,0.24,0.1,0.87,0.29,0.05,40809,63497.62,12.10099038,939.4414361
"546",6037212501,24,0,0,0.15,0.11,0.65,0.26,0.04,39093,63126,12.09098712,865.4691579
"547",6037212502,24,0,0,0.11,0.14,0.8,0.22,0.03,47731,25528.76,12.09098712,1206.337817
"548",6037212610,24,0,0,0.17,0.13,0.8,0.16,0.04,43608,32248.31,12.09098712,1175.247802
"549",6037212620,24,0,0,0.17,0.11,0.81,0.21,0.04,43212,36675.49,12.09098712,1153.567822
"550",6037212701,23,0,0,0.16,0.24,0.8,0.21,0.05,47000,12552.38,12.06166379,1275.539339
"551",6037212702,23,0,0,0.12,0.2,0.75,0.08,0.06,73028,10682.07,12.03992694,1215.321087
"552",6037212800,23,0,0,0.15,0.18,0.66,0.18,0.05,49867,11745.34,12.0118796,1030.397324
"553",6037212900,23,0,0,0.23,0.1,0.63,0.27,0.04,43167,28193.03,12.05102217,1102.413226
"554",6037213100,23,0,0,0.19,0.14,0.83,0.23,0.04,44167,14535.54,12.08158891,1342.882333
"555",6037213201,24,0,0,0.23,0.16,0.84,0.29,0.09,32819,30404.77,12.08158891,1481.97668
"556",6037213202,24,0,0,0.18,0.13,0.82,0.36,0.07,38899,30213.1,12.08158891,1193.126075
"557",6037213310,24,0,0,0.15,0.11,0.86,0.38,0.04,48333,25021.11,12.1093104,1214.28459
"558",6037213320,24,0,0,0.15,0.16,0.79,0.31,0.03,26759,20532.76,12.1093104,1305.459915
"559",6037213401,24,0,0,0.23,0.08,0.62,0.39,0.06,33607,64175.18,12.17561826,1299.531172
"560",6037213402,24,0,0,0.24,0.09,0.68,0.35,0.07,42766,32103.36,12.17561826,1342.148868
"561",6037214000,23,0,0,0.34,0.16,0.09,0.06,0.08,120625,10951.03,11.83730224,1407.649588
"562",6037214100,23,0,0,0.23,0.14,0.13,0.02,0.03,100824,8571.909,11.89088295,1570.542033
"563",6037214400,24,0,0,0.09,0.04,0.13,0.03,0.09,77708,21938.72,11.83730224,1316.193825
"564",6037214501,23,0,0,0.17,0.1,0.43,0.03,0.06,87364,9301.792,11.72613579,1220.115178
"565",6037214503,23,0,0,0.17,0.12,0.53,0.03,0.03,75294,38150.69,11.85554635,1032.33664
"566",6037214600,23,0,0,0.08,0.16,0.21,0.03,0.05,102868,10619.54,11.71898001,1378.024646
"567",6037214700,23,0,0,0.11,0.25,0.19,0.05,0.06,96579,10537.33,11.71968263,1122.292637
"568",6037214800,24,0,0,0.13,0.14,0.19,0.05,0.05,108648,12629.29,11.68771731,1371.472776
"569",6037214902,24,0,0,0.1,0.19,0.28,0.03,0.05,84840,13021.66,11.70232612,1315.019691
"570",6037215101,24,0,0,0.07,0.05,0.35,0,0.03,67888,22202.74,11.72613579,1248.281658
"571",6037215102,24,0,0,0.06,0.06,0.27,0.01,0.04,69979,30745.01,11.85554635,1417.659668
"572",6037216100,23,0,0,0.15,0.19,0.4,0.06,0.03,104604,8253.05,12.01976856,1162.048349
"573",6037216401,24,0,0,0.15,0.13,0.18,0.03,0.05,75597,23740.17,11.69760185,1602.000454
"574",6037216402,24,0,0,0.09,0.21,0.26,0.06,0.01,75000,28457.44,11.699038,1668.333843
"575",6037216700,23,0,0,0.14,0.14,0.56,0.08,0.05,79730,12767.68,11.70222472,1124.323275
"576",6037216800,23,0,0,0.22,0.12,0.35,0.08,0.05,91821,11212.83,11.7011911,1356.654908
"577",6037217001,23,0,0,0.35,0.12,0.12,0.03,0.04,87250,12861.76,11.68010796,752.3383789
"578",6037217002,23,0,0,0.25,0.09,0.18,0.06,0.03,87934,15576.75,11.69991328,1172.409411
"579",6037217200,23,0,0,0.17,0.1,0.63,0.23,0.03,69817,11711.89,12.01083645,1183.139111
"580",6037218110,23,0,0,0.21,0.14,0.68,0.26,0.04,44009,13823.92,12.00885913,1091.163876
"581",6037218120,24,0,0,0.26,0.09,0.68,0.42,0.02,36488,26981.28,12.05102217,790.0911059
"582",6037218210,23,0,0,0.2,0.09,0.57,0.45,0.05,35436,24807.77,12.00354413,1205.655764
"583",6037218220,23,0,0,0.15,0.13,0.49,0.27,0.04,49632,14856,12.00885913,1171.41166
"584",6037218300,23,0,0,0.21,0.11,0.63,0.25,0.05,53621,15370.43,11.85097115,923.7156716
"585",6037218400,23,0,0,0.26,0.08,0.46,0.27,0.03,64018,18683.43,11.85097115,3063.418989
"586",6037218500,23,0,0,0.18,0.13,0.49,0.28,0.04,44872,13072.32,11.95828056,4384.188796
"587",6037218600,23,0,0,0.18,0.11,0.58,0.26,0.05,51604,18933.51,11.98834506,4180.993157
"588",6037218701,23,1,0,0.19,0.13,0.73,0.17,0.09,49316,10945.71,11.98834506,4337.325545
"589",6037218702,23,1,0,0.21,0.14,0.68,0.26,0.1,38827,14805.24,11.98834506,4990.609317
"590",6037218800,23,1,0,0.19,0.13,0.75,0.24,0.04,46140,17315.08,12.0039133,4170.190184
"591",6037218900,23,1,0,0.21,0.07,0.77,0.25,0.04,41019,22641.13,12.00024046,4031.173939
"592",6037219010,23,0,0,0.22,0.1,0.74,0.32,0.03,54708,17783.3,12.00024046,722.4187406
"593",6037219020,23,0,0,0.27,0.13,0.73,0.29,0.12,59180,19290.49,11.98833627,604.4825026
"594",6037219300,23,0,0,0.25,0.11,0.69,0.17,0.11,43103,16843.78,11.9612643,1326.027438
"595",6037219500,23,0,0,0.19,0.2,0.72,0.08,0.1,77147,9680.166,11.91626655,505.076388
"596",6037219700,23,0,0,0.23,0.11,0.59,0.31,0.05,50220,10684.86,11.94419228,2878.199432
"597",6037219800,23,0,0,0.19,0.1,0.45,0.4,0.04,43214,16609.26,11.94583615,3753.393961
"598",6037219901,23,0,0,0.24,0.08,0.38,0.46,0.06,39006,20477.49,11.94583615,3054.125252
"599",6037219902,23,0,0,0.19,0.1,0.52,0.32,0.06,49531,12360.16,11.84882762,2253.086852
"600",6037220000,23,0,0,0.17,0.23,0.67,0.21,0.02,42500,12555.65,11.9612643,923.4272424
"601",6037220100,23,0,0,0.12,0.27,0.76,0.26,0.02,40091,6384.034,11.91465003,1361.779481
"602",6037221110,24,0,0,0.26,0.1,0.47,0.57,0.1,34868,40967.88,12.18410918,1278.19926
"603",6037221120,24,0,0,0.26,0.09,0.56,0.51,0.06,38060,26079.1,12.18410918,1272.219146
"604",6037221210,24,0,0,0.2,0.14,0.63,0.41,0.05,50035,22846.97,12.05908901,1263.356021
"605",6037221220,24,0,0,0.21,0.1,0.74,0.47,0.06,43611,13260.26,12.07444266,1215.12494
"606",6037221302,23,0,0,0.19,0.1,0.61,0.37,0.04,37500,24507.5,12.02272051,1222.909357
"607",6037221303,24,0,0,0.22,0.09,0.67,0.43,0.08,39244,31061.97,12.08158891,1275.751133
"608",6037221304,24,0,0,0.23,0.12,0.9,0.37,0.04,43125,41667.57,12.05102217,1023.196316
"609",6037221401,23,0,0,0.2,0.22,0.73,0.27,0.05,24904,17326.73,12.0125659,4044.383573
"610",6037221402,23,0,0,0.19,0.2,0.72,0.22,0.11,37976,13871.64,12.02272051,4745.434734
"611",6037221500,23,0,0,0.26,0.11,0.71,0.42,0.12,29420,26360.98,12.05421442,4887.222368
"612",6037221601,23,0,0,0.2,0.1,0.65,0.36,0.11,45288,21992.96,12.10569353,4741.799354
"613",6037221602,24,0,0,0.27,0.1,0.67,0.44,0.06,36008,15011.01,12.07444266,4715.05973
"614",6037221710,23,0,0,0.11,0.16,0.74,0.36,0.05,39212,22371.39,12.10569353,3550.193888
"615",6037221810,23,0,0,0.15,0.07,0.71,0.39,0.16,25357,24611.76,12.10569353,1125.520357
"616",6037221820,23,0,0,0.03,0.03,0.53,0.08,0.32,12235,29962.07,12.05189368,1184.396045
"617",6037221900,23,0,0,0.07,0.06,0.59,0.28,0.16,17237,26851.83,12.05189368,1075.691946
"618",6037222001,23,0,0,0.2,0.11,0.66,0.29,0.08,71000,17157.45,12.0125659,1079.7208
"619",6037222002,23,0,0,0.27,0.08,0.71,0.4,0.1,48641,20709.63,12.004739,985.7699111
"620",6037222100,23,0,0,0.2,0.09,0.72,0.32,0.08,53864,23421.16,12.03443249,1129.428904
"621",6037222200,23,0,0,0.26,0.08,0.64,0.38,0.09,40227,21585.56,12.05421442,1078.48013
"622",6037222500,23,0,0,0.25,0.09,0.72,0.38,0.04,56548,20324.06,12.03443249,1088.668415
"623",6037222600,23,0,0,0.12,0.09,0.74,0.29,0.12,28581,22044.8,12.03443249,1042.531443
"624",6037222700,23,0,0,0.03,0,0.5,0,0.3,9632,12899.23,12.00727367,2177.071598
"625",6037224010,24,1,0,0.16,0.11,0.57,0.3,0.04,28082,8873.475,12.22607702,2299.077818
"626",6037224020,24,1,0,0.25,0.03,0.51,0.47,0.03,27332,5743.923,12.16525921,2411.601191
"627",6037224200,24,1,0,0.23,0.06,0.51,0.49,0.06,31996,17986.61,12.17492801,4107.833142
"628",6037224310,24,0,0,0.28,0.08,0.32,0.41,0.04,36932,34697.06,12.18410918,1250.225218
"629",6037224320,24,0,0,0.23,0.14,0.61,0.52,0.07,28616,26472.62,12.18410918,2028.031741
"630",6037224410,24,1,0,0.15,0.14,0.55,0.38,0.06,26773,18250.94,12.17492801,3712.548484
"631",6037224420,23,0,0,0.23,0.08,0.49,0.49,0.09,24878,19042.06,12.11034605,3366.191416
"632",6037224600,24,0,0,0.26,0.11,0.71,0.59,0.06,46162,12194.73,12.08083341,1977.772749
"633",6037226001,24,1,0,0.34,0.05,0.71,0.45,0.1,34808,6545.278,12.15802236,2429.418553
"634",6037226002,24,1,0,0.12,0.06,0.58,0.26,0.09,37643,1835.337,12.25156535,1931.043768
"635",6037226410,24,0,0,0.27,0.08,0.54,0.68,0.07,40147,33603.11,12.09845951,900.6286739
"636",6037226420,23,0,0,0.27,0.07,0.6,0.59,0.09,44209,33553.25,12.15802236,916.7699754
"637",6037227010,24,0,0,0.38,0.06,0.48,0.63,0.08,48200,25510.93,12.09940492,832.5616204
"638",6037227020,24,0,0,0.28,0.07,0.52,0.63,0.09,47361,21320.43,12.09940492,694.4065848
"639",6037228100,24,0,0,0.35,0.06,0.45,0.56,0.08,47444,14210.61,12.15734144,554.9191044
"640",6037228210,24,0,0,0.32,0.11,0.51,0.56,0.11,35969,26672.91,12.09940492,667.0754392
"641",6037228220,23,0,0,0.31,0.07,0.56,0.55,0.09,43482,30941.46,12.15734144,755.7290663
"642",6037228310,24,0,0,0.32,0.06,0.56,0.63,0.06,44375,21442.63,12.06807983,767.460932
"643",6037228320,23,0,0,0.33,0.07,0.49,0.66,0.06,43272,23990.98,12.06807983,740.8897098
"644",6037228410,24,0,0,0.28,0.06,0.45,0.53,0.09,41012,33573.83,12.0527736,700.7129571
"645",6037228420,23,0,0,0.38,0.04,0.58,0.59,0.1,38094,30849.2,12.0527736,722.3923401
"646",6037228500,23,0,0,0.29,0.07,0.67,0.52,0.08,33125,28092.59,12.0257337,838.3761808
"647",6037228600,23,0,0,0.31,0.05,0.71,0.61,0.11,48393,26054.06,12.05265861,1014.701527
"648",6037228710,23,0,0,0.34,0.07,0.5,0.6,0.06,31849,25478.29,12.10765122,764.8327164
"649",6037228720,23,0,0,0.34,0.07,0.46,0.58,0.1,38933,30920.77,12.21219619,711.9885826
"650",6037228800,24,0,0,0.34,0.07,0.51,0.55,0.07,41250,16417.37,12.21219619,487.4645779
"651",6037228900,23,0,0,0.37,0.05,0.55,0.62,0.17,23750,14660.21,12.16800708,508.4178425
"652",6037229100,23,0,0,0.32,0.05,0.52,0.58,0.06,46678,28056.22,12.15277014,626.5593905
"653",6037229200,23,0,0,0.25,0.08,0.65,0.53,0.08,41250,29475.4,12.10765122,713.6654335
"654",6037229300,23,0,0,0.34,0.04,0.6,0.6,0.08,37468,29461.27,12.00225165,591.1333929
"655",6037229410,24,0,0,0.35,0.05,0.37,0.58,0.04,34403,17652.52,12.00225165,706.3017526
"656",6037229420,23,0,0,0.34,0.05,0.55,0.53,0.05,42250,21100.07,12.10765122,717.1675568
"657",6037231100,24,0,0,0.24,0.08,0.52,0.46,0.13,31494,10063.8,12.08083341,1945.209817
"658",6037231210,23,0,0,0.27,0.09,0.6,0.48,0.09,32258,32629.16,11.99266542,881.6927375
"659",6037231220,23,0,0,0.31,0.1,0.66,0.49,0.09,29741,12485.98,12.00727367,1098.399286
"660",6037231400,23,0,0,0.22,0.11,0.73,0.35,0.04,41774,19788.73,11.98149623,1043.388944
"661",6037231500,23,0,0,0.23,0.13,0.7,0.29,0.03,48912,15203.95,11.95605462,989.1586558
"662",6037231710,24,0,0,0.28,0.06,0.46,0.55,0.09,26444,33316.24,11.97864156,1095.023293
"663",6037231720,24,0,0,0.24,0.11,0.55,0.51,0.1,36528,27060.45,12.0084908,2867.931729
"664",6037231800,24,0,0,0.33,0.04,0.52,0.63,0.05,36765,27061.91,12.0084908,2446.699998
"665",6037232110,23,0,0,0.28,0.08,0.49,0.49,0.09,33203,20704.47,11.96948377,1020.806474
"666",6037232120,23,0,0,0.31,0.08,0.54,0.45,0.09,37555,27628.14,11.99843255,3043.231559
"667",6037232200,23,0,0,0.24,0.09,0.67,0.39,0.09,43911,17269.66,11.97864156,1067.871589
"668",6037232300,23,0,0,0.18,0.09,0.63,0.42,0.06,58576,24739.87,11.96219866,924.4081531
"669",6037232500,23,0,0,0.24,0.12,0.71,0.41,0.05,55841,16666.26,11.94659663,881.1667209
"670",6037232800,24,0,0,0.32,0.06,0.49,0.48,0.08,33438,27250.96,11.99449266,3324.181219
"671",6037234200,23,0,0,0.16,0.23,0.83,0.05,0.05,76761,7110.726,11.93784179,885.5203515
"672",6037234501,23,0,0,0.2,0.2,0.69,0.25,0.06,54622,9801.178,11.92925429,605.8828575
"673",6037234502,23,0,0,0.18,0.16,0.79,0.23,0.18,33500,14341.39,11.93136639,645.8372524
"674",6037234600,23,0,0,0.25,0.14,0.88,0.21,0.08,55887,9753.734,11.92245429,732.7808621
"675",6037234700,23,0,0,0.18,0.16,0.74,0.3,0.03,40375,12879.12,11.95162029,937.1354633
"676",6037234800,23,0,0,0.13,0.15,0.76,0.21,0.04,58736,13132.24,11.95162029,843.8931695
"677",6037234901,24,0,0,0.34,0.08,0.7,0.25,0.15,22693,26432.19,11.92854691,1131.130599
"678",6037234902,23,0,0,0.24,0.14,0.63,0.3,0.1,23981,23648.53,11.92854691,894.6097586
"679",6037235100,23,0,0,0.16,0.17,0.8,0.11,0.13,87246,9647.726,11.91305485,746.4054224
"680",6037235201,23,0,0,0.17,0.13,0.82,0.22,0.04,45341,10644.01,11.93780554,931.2289334
"681",6037235202,23,0,0,0.15,0.17,0.79,0.22,0.09,31732,13172.68,11.93412511,1203.474272
"682",6037236203,23,0,0,0.21,0.14,0.82,0.22,0.05,30144,23797.91,11.91626655,753.0939127
"683",6037236204,24,0,0,0.27,0.05,0.77,0.3,0.1,23677,35029.98,11.91626655,790.0223118
"684",6037236400,23,0,0,0.12,0.2,0.9,0.04,0.07,66359,8273.277,11.88815827,1180.704377
"685",6037237101,23,0,0,0.31,0.08,0.77,0.48,0.04,33569,18156.38,11.97007108,1034.894513
"686",6037237102,24,0,0,0.3,0.08,0.68,0.51,0.05,37849,19184.3,11.97286678,4052.921203
"687",6037237201,23,0,0,0.24,0.07,0.71,0.45,0.09,44911,21786.69,11.97005427,1058.012886
"688",6037237202,23,0,0,0.28,0.08,0.71,0.35,0.08,38438,10649.4,11.96234496,946.2317225
"689",6037237300,23,0,0,0.17,0.13,0.79,0.27,0.08,45107,13787.26,11.95656498,889.3171622
"690",6037237401,23,0,0,0.25,0.08,0.8,0.42,0.08,41703,21162.07,11.95669453,1142.608541
"691",6037237402,23,0,0,0.18,0.17,0.75,0.29,0.04,45875,16571.59,11.95669453,1013.053315
"692",6037237500,23,0,0,0.28,0.09,0.79,0.5,0.05,32051,22434.91,11.97286678,1076.333369
"693",6037237600,24,1,0,0.31,0.11,0.67,0.35,0.08,32456,21085.32,11.97286678,3869.72791
"694",6037237710,23,1,0,0.33,0.04,0.84,0.48,0.11,36029,26422.27,12.03324822,3086.525215
"695",6037237720,23,0,0,0.4,0.04,0.75,0.42,0.04,33897,29521.36,12.03324822,3142.418794
"696",6037237800,23,0,0,0.19,0.14,0.81,0.21,0.02,48922,10106.65,12.02644658,911.350505
"697",6037237900,23,0,0,0.25,0.12,0.79,0.18,0.13,51612,11644.37,12.02165432,850.7356014
"698",6037238000,23,0,0,0.19,0.19,0.9,0.22,0.11,61773,9612.223,12.02803671,826.3230732
"699",6037238100,23,0,0,0.21,0.14,0.75,0.22,0.06,48034,13593.01,12.01125306,1055.183387
"700",6037238200,23,0,0,0.15,0.18,0.94,0.23,0.05,45075,14039.43,12.07289573,927.2621771
"701",6037238310,24,0,0,0.29,0.06,0.84,0.44,0.05,26356,32626.96,12.12072526,2939.976439
"702",6037238320,24,0,0,0.34,0.08,0.78,0.41,0.02,34131,21039.5,12.12072526,2777.877452
"703",6037238400,23,0,0,0.22,0.23,0.9,0.1,0.05,54746,9340.733,12.05245233,976.3972613
"704",6037239201,24,0,0,0.3,0.05,0.69,0.52,0.06,36034,21606.79,12.05259566,3970.780012
"705",6037239202,24,0,0,0.3,0.04,0.65,0.53,0.09,42609,12180.21,12.14495497,1052.626827
"706",6037239310,23,1,0,0.39,0.05,0.61,0.51,0.07,37259,21795.69,12.13275518,3767.169464
"707",6037239320,23,0,0,0.32,0.06,0.71,0.53,0.06,44896,30491.25,12.13275518,1040.803764
"708",6037239330,24,0,0,0.28,0.07,0.57,0.5,0.06,32708,6499.276,12.14625901,1230.505058
"709",6037239501,23,0,0,0.28,0.09,0.59,0.48,0.08,44177,20366.51,12.14625901,1152.544557
"710",6037239502,23,0,0,0.32,0.05,0.67,0.44,0.09,41250,20358.28,12.11505815,580.219292
"711",6037239601,23,1,0,0.33,0.06,0.72,0.45,0.04,43102,22582.49,12.13275518,3339.908089
"712",6037239602,23,0,0,0.36,0.03,0.72,0.46,0.08,38295,29047.19,12.11496733,3411.112037
"713",6037239701,23,0,0,0.34,0.06,0.69,0.48,0.09,36232,32456.4,12.11496733,3238.402884
"714",6037239702,23,0,0,0.28,0.06,0.79,0.44,0.11,31189,23083.76,12.116733,3032.755893
"715",6037239801,23,0,0,0.32,0.06,0.7,0.35,0.11,46938,25881.51,12.11505815,533.7363233
"716",6037239802,23,0,0,0.32,0.05,0.67,0.42,0.09,42171,23207.91,12.10418364,1104.590501
"717",6037240010,23,0,0,0.3,0.06,0.71,0.56,0.12,30612,16448.43,12.10418364,1126.061122
"718",6037240020,23,0,0,0.31,0.07,0.6,0.45,0.09,38266,18803.51,12.0941273,482.1919166
"719",6037240200,23,0,0,0.33,0.07,0.74,0.45,0.09,40286,17891.67,12.116733,3525.282743
"720",6037240401,23,0,0,0.32,0.05,0.57,0.46,0.06,42662,23839.22,12.08962673,2184.522129
"721",6037240402,23,0,0,0.29,0.09,0.71,0.32,0.07,42422,16208.45,12.08962673,2339.742777
"722",6037240500,23,0,0,0.31,0.06,0.62,0.5,0.13,40764,23351.98,12.0998549,3154.098167
"723",6037240600,23,0,0,0.33,0.09,0.65,0.5,0.16,43250,23632.68,12.0941273,676.0721954
"724",6037240700,23,0,0,0.29,0.08,0.52,0.39,0.06,43584,14301.92,12.07586683,626.3500324
"725",6037240800,23,0,0,0.27,0.09,0.56,0.47,0.07,41277,17827.63,12.05760637,895.4478667
"726",6037241001,23,1,1,0.27,0.07,0.59,0.37,0.06,41563,12023.3,12.10169951,4387.044921
"727",6037241002,23,0,0,0.36,0.08,0.71,0.33,0.07,59116,15173.28,12.0964657,3247.400721
"728",6037241110,23,0,0,0.29,0.08,0.49,0.5,0.04,47090,17861.36,12.09491005,679.3806619
"729",6037241120,23,1,1,0.3,0.07,0.56,0.48,0.07,35114,20081.57,12.0881206,2775.215502
"730",6037241201,23,0,0,0.26,0.09,0.71,0.34,0.08,48864,16070.73,12.09880174,2432.877282
"731",6037241202,23,1,1,0.33,0.1,0.58,0.37,0.1,34662,12860.59,12.09974001,3162.308044
"732",6037241300,23,1,1,0.25,0.12,0.76,0.41,0.02,46111,12301.95,12.09974001,4152.857187
"733",6037241400,23,1,1,0.29,0.06,0.54,0.47,0.03,36667,17032.41,12.11292708,4287.095787
"734",6037242000,23,0,0,0.34,0.06,0.65,0.43,0.12,30698,16775.77,12.0688233,856.5602869
"735",6037242100,23,0,0,0.45,0.04,0.5,0.45,0.18,18177,16071.38,12.06544894,956.109058
"736",6037242300,23,0,0,0.38,0.04,0.71,0.54,0.12,26515,20356.9,12.06896138,549.1181686
"737",6037242600,23,0,0,0.4,0.04,0.79,0.51,0.18,16586,25878.17,12.0688233,3529.731022
"738",6037242700,23,0,0,0.31,0.06,0.63,0.44,0.09,46492,15396.29,12.07407493,1794.888252
"739",6037243100,23,0,0,0.41,0.06,0.63,0.45,0.16,27879,28894.32,12.0902374,2484.965675
"740",6037261102,52,0,0,0.17,0.3,0.1,0.02,0.04,159563,1146.387,11.32775522,645.947673
"741",6037261200,52,0,0,0.21,0.22,0.13,0.04,0.05,188424,1490.376,11.34895585,756.155433
"742",6037262100,52,0,0,0.17,0.37,0.22,0.04,0.03,217462,793.1637,11.39244405,1082.783774
"743",6037262200,52,0,0,0.23,0.26,0.2,0.02,0.03,184000,1331.492,11.4065172,4783.87851
"744",6037262301,52,0,0,0.18,0.27,0.21,0.02,0.03,215750,545.1462,11.36946734,4359.149253
"745",6037262302,22,0,0,0.24,0.22,0.1,0.03,0.04,158571,2405.233,11.47355111,3943.716522
"746",6037262303,22,0,0,0.24,0.28,0.12,0,0.03,250001,3009.743,11.42938126,1135.667823
"747",6037262400,52,0,0,0.26,0.23,0.1,0.02,0.02,250001,703.0758,11.33070843,866.4988279
"748",6037262501,22,0,0,0.27,0.21,0.1,0.02,0.07,224962,5995.35,11.35479283,981.4050584
"750",6037262604,22,0,0,0.23,0.28,0.11,0.01,0.02,200625,2522.747,11.24903635,947.8543649
"751",6037262704,22,0,0,0.18,0.19,0.12,0.02,0.06,122083,4737.542,11.36879135,1429.199476
"752",6037262706,22,0,0,0.29,0.2,0.07,0.02,0.01,188409,4014.439,11.39613833,1359.657762
"753",6037262802,22,0,0,0.27,0.27,0.09,0,0.04,217292,2665.215,11.33956819,1056.156142
"754",6037264000,22,0,0,0.24,0.27,0.06,0.01,0.04,220417,4255.108,11.35496193,975.328352
"755",6037264102,23,0,0,0.1,0.16,0.17,0.01,0.03,108004,19584.3,11.54047452,1158.857296
"756",6037264103,24,0,0,0.12,0.15,0.16,0.07,0.07,105481,29863.35,11.75489665,857.6008639
"757",6037265100,22,0,0,0.13,0.47,0.07,0.01,0.03,112500,2690.829,11.66564816,1420.135504
"758",6037265201,22,0,0,0.11,0.13,0.28,0.07,0.07,72361,15150.86,11.71588806,1362.998845
"760",6037265303,23,0,0,0.02,0,0.6,0.05,0.08,21506,90228.97,11.54279044,756.2988849
"761",6037265304,23,0,0,0.03,0.02,0.51,0.02,0.1,21228,56908.04,11.54279044,720.9114187
"762",6037265410,23,0,0,0.27,0.16,0.15,0,0.05,117885,6877.23,11.54047452,3404.790482
"763",6037265420,23,0,0,0.23,0.23,0.21,0.02,0.02,198542,6514.249,11.46050297,2377.140464
"764",6037265601,23,0,0,0.17,0.14,0.23,0,0.02,119886,15026.19,11.78930596,1747.567905
"765",6037265602,23,0,0,0.11,0.31,0.24,0.03,0.04,117629,23470.83,11.65326691,2502.63147
"766",6037267300,24,1,0,0.07,0.12,0.44,0.09,0.05,68913,25490.71,11.61811053,5485.820467
"767",6037267403,24,0,0,0.04,0.08,0.34,0.06,0.02,88631,31648.77,11.65656905,1367.761873
"768",6037267404,24,0,0,0.08,0.08,0.32,0.03,0.09,82500,31641.29,11.65656905,1130.111213
"769",6037267502,23,0,0,0.15,0.09,0.32,0.12,0.06,86343,21639.14,11.67808355,1156.515083
"770",6037267600,24,0,0,0.13,0.16,0.52,0.08,0.03,70692,5949.202,11.78789933,1979.941812
"771",6037267700,24,0,0,0.08,0.15,0.44,0.12,0.01,94185,10415.17,11.77429518,4623.029151
"772",6037267800,23,0,0,0.23,0.18,0.27,0.04,0.03,86121,5998.092,11.79089062,2468.370937
"773",6037267901,23,0,0,0.08,0.52,0.25,0.01,0.06,118393,5616.519,11.7669605,1560.559103
"774",6037267902,23,0,0,0.21,0.18,0.25,0.02,0.03,138750,11201.16,11.76246181,1393.523954
"775",6037269000,23,0,0,0.16,0.21,0.21,0.02,0.02,127054,5432.233,11.76824477,1352.18753
"776",6037269100,23,0,0,0.27,0.16,0.15,0.08,0.04,88656,13189.62,11.68010796,552.9473505
"777",6037269300,23,0,0,0.27,0.19,0.19,0.01,0.04,165208,4509.418,11.70761895,1912.893128
"778",6037269500,23,0,0,0.33,0.16,0.09,0,0.04,191538,7104.562,11.72153182,585.2547876
"779",6037269601,24,1,0,0.21,0.08,0.53,0.23,0.05,53664,26337.99,11.70222472,2260.538979
"780",6037269602,23,0,0,0.17,0.08,0.57,0.14,0.03,58668,25535.26,11.72153182,1252.307553
"781",6037269700,23,1,0,0.15,0.11,0.4,0.1,0.08,89450,10231.78,11.74486853,2724.534595
"782",6037269800,23,0,0,0.12,0.07,0.44,0.03,0.03,83214,16889.97,11.81592791,2501.499402
"783",6037269903,24,0,0,0.08,0.07,0.57,0.08,0.04,65750,31217.65,11.69483322,1254.906456
"784",6037269905,24,0,0,0.07,0.05,0.56,0.05,0.05,80119,26756.55,11.69483322,1199.114637
"785",6037269906,23,0,0,0.12,0.07,0.44,0.06,0.02,95542,39324.13,11.69483322,1148.837302
"786",6037269907,24,0,0,0.07,0.06,0.49,0.07,0.05,78895,25189.3,11.80798017,1988.041758
"787",6037270200,23,1,0,0.14,0.14,0.4,0.22,0.02,67516,11021.52,11.74486853,2386.836899
"788",6037270300,23,1,0,0.21,0.13,0.68,0.13,0.04,74323,6832.919,11.73778552,2060.497256
"789",6037271100,23,1,0,0.19,0.19,0.36,0.06,0.09,89219,7872.637,11.78318303,5096.867427
"790",6037271200,24,1,0,0.12,0.08,0.43,0.14,0.02,71393,13679.13,11.77486462,5043.978788
"791",6037271300,23,1,0,0.15,0.19,0.29,0.09,0,101006,7783.006,11.72305579,3883.358536
"792",6037271400,23,0,0,0.28,0.24,0.24,0.02,0.03,133547,8436.861,11.68678342,840.2841837
"793",6037271500,23,0,0,0.22,0.23,0.23,0.04,0.04,100679,9069.893,11.59513461,825.4201228
"794",6037271600,23,0,0,0.19,0.09,0.45,0.03,0.05,89792,13827.87,11.78676393,3143.950715
"795",6037271702,23,1,0,0.19,0.07,0.59,0.04,0.04,67446,14543.76,11.73728992,6408.077277
"796",6037271801,23,1,0,0.1,0.11,0.52,0.09,0.04,55417,16573.01,11.66040963,4534.104469
"797",6037271901,23,1,0,0.11,0.13,0.42,0.09,0.05,92991,13190.56,11.65149211,2912.676831
"798",6037271902,23,0,0,0.15,0.14,0.44,0.14,0.05,73918,11789.73,11.63080991,740.905432
"799",6037272100,23,0,0,0.21,0.14,0.26,0.1,0.03,94911,9886.654,11.68678342,920.508021
"800",6037272201,23,0,0,0.13,0.09,0.4,0.2,0.05,62716,23807.69,11.63317139,1390.936696
"801",6037272202,23,0,0,0.14,0.09,0.38,0.22,0.05,63355,28101.85,11.67264265,879.7590638
"802",6037272301,23,0,0,0.15,0.18,0.32,0.07,0.06,84583,13056.62,11.76013155,731.8543413
"803",6037272302,23,0,0,0.17,0.11,0.44,0.27,0.05,59286,22852.5,11.63317139,838.7642448
"804",6037273100,23,0,0,0.17,0.13,0.17,0.03,0.03,121500,6042.354,11.64254863,884.5109643
"805",6037273200,23,0,0,0.14,0.11,0.29,0.11,0.07,88720,13028.29,11.68337511,1018.754048
"806",6037273300,23,0,0,0.16,0.1,0.28,0.15,0.07,71823,13201.45,11.68337511,654.127608
"807",6037273502,24,0,0,0.09,0.1,0.17,0.03,0.06,90161,12493.67,11.68337511,633.8274394
"808",6037273600,23,0,0,0.17,0.15,0.07,0.06,0.05,123819,10449.85,11.63925882,1245.907155
"809",6037273700,23,0,0,0.19,0.1,0.18,0.06,0.02,96719,10861.1,11.63925882,1151.581813
"810",6037273800,23,0,0,0.11,0.13,0.2,0.03,0.02,96750,10029.96,11.67264265,1034.571123
"811",6037273902,23,0,0,0.13,0.19,0.12,0.03,0.08,144924,12087.31,11.71620563,784.9219815
"812",6037274100,24,1,0,0.16,0.13,0.33,0.03,0.06,116141,19951.38,11.70131556,1472.947579
"813",6037274202,24,0,0,0.1,0.23,0.22,0.04,0.03,128766,11791.41,11.64839617,483.2338853
"814",6037275101,23,0,0,0.12,0.16,0.44,0.07,0.03,97500,8994.063,11.7957642,5114.931895
"815",6037275102,23,0,0,0.23,0.07,0.31,0.28,0.03,58221,18414.68,11.7957642,4328.559463
"816",6037275200,23,0,0,0.15,0.14,0.45,0.22,0.1,62241,20989.53,11.66867744,927.5001648
"817",6037275311,23,0,0,0.14,0.2,0.41,0.09,0.05,90261,11269.4,11.64347745,1148.390861
"818",6037275400,23,1,0,0.1,0.13,0.27,0.05,0.05,137027,14033.04,11.67530401,1212.734312
"819",6037275500,23,0,0,0.23,0.15,0.34,0.28,0.06,42544,18519.87,11.66867744,812.2886671
"820",6037275603,23,1,0,0.17,0.2,0.4,0.08,0.03,84130,6571.089,11.77801801,2077.096205
"821",6037276000,23,0,0,0.15,0.18,0.32,0.03,0.02,144688,6265.534,11.88623299,2785.10604
"822",6037276400,23,0,0,0.18,0.25,0.16,0.02,0.02,158056,8263.425,11.79594785,354.792906
"823",6037276500,23,1,0,0.06,0.05,0.36,0.04,0.1,91667,12328.95,11.65400614,880.4136897
"824",6037276601,23,1,0,0.16,0.18,0.28,0.01,0.03,138929,4774.13,11.64915206,1097.108488
"825",6037277000,23,0,0,0.2,0.19,0.25,0.01,0.06,137961,6270.732,11.85384693,1449.589594
"826",6037277100,23,0,0,0.21,0.16,0.35,0.04,0.04,124219,6505.826,11.89041869,2835.285925
"827",6037277200,24,0,0,0.16,0.08,0.59,0.05,0.06,60179,5459.211,11.97162189,1500.07216
"828",6037277400,23,0,0,0.29,0.04,0.81,0.1,0.14,43264,3684.695,12.06540746,2273.143695
"829",6037278001,23,1,0,0.2,0.12,0.31,0.01,0,109468,4024.571,11.90155949,1310.25422
"830",6037278102,23,0,0,0.09,0.19,0.17,0.01,0.05,148182,4763.486,11.76854658,909.7767764
"831",6037291110,23,0,0,0.31,0.11,0.74,0.28,0.11,43544,15987.4,12.13197187,2374.418694
"832",6037291120,24,0,0,0.26,0.08,0.81,0.36,0.08,53393,8887.233,12.14261917,2451.509279
"833",6037291130,23,1,1,0.22,0.11,0.74,0.32,0.05,67587,7271.828,12.11872262,2667.957948
"834",6037291210,23,0,0,0.25,0.11,0.59,0.26,0.1,61277,12021.81,12.06226955,2511.594785
"835",6037291220,23,1,1,0.25,0.14,0.56,0.32,0.04,50260,11515.33,12.0660607,3455.239256
"836",6037291300,23,1,1,0.15,0.23,0.7,0.11,0.02,81281,3341.812,12.05569133,3257.969861
"837",6037293301,23,0,0,0.16,0.22,0.61,0.07,0.01,83768,9526.488,11.90141921,1150.616972
"838",6037293302,23,0,0,0.25,0.13,0.57,0.17,0.06,83955,11759.03,11.88962253,1180.402406
"839",6037293304,23,1,0,0.26,0.09,0.63,0.33,0.07,63150,21975.26,11.84918524,1252.657326
"840",6037293306,23,0,0,0.22,0.17,0.42,0.14,0.02,100200,10283.07,11.75842764,994.7960309
"841",6037293307,24,1,0,0.17,0.09,0.69,0.33,0.08,51379,17466.23,11.75842764,1008.754749
"842",6037294110,23,0,0,0.28,0.12,0.48,0.33,0.09,51011,10810.95,11.72750466,1016.60429
"843",6037294120,24,0,0,0.34,0.07,0.47,0.49,0.09,57159,4458.242,11.73890922,1141.661085
"844",6037294200,23,0,0,0.25,0.14,0.34,0.35,0.03,70272,13235.49,11.74873865,788.0491453
"845",6037294301,23,1,1,0.23,0.18,0.5,0.27,0.02,65870,8975.445,11.78762745,1759.781629
"846",6037294302,23,1,1,0.24,0.11,0.56,0.47,0.04,55313,13506.12,11.76743391,1759.924727
"847",6037294410,24,1,1,0.33,0.08,0.71,0.18,0.12,50926,15776.89,11.76222237,2001.984247
"848",6037294421,24,0,0,0.28,0.11,0.52,0.31,0.1,47917,11121.54,11.89042569,1232.751741
"849",6037294510,23,0,0,0.29,0.07,0.49,0.53,0.09,49979,25398.61,11.74873865,420.0753008
"850",6037294520,23,0,0,0.33,0.07,0.39,0.38,0.08,50732,19849.81,11.72966207,654.8687507
"851",6037294610,23,0,0,0.3,0.12,0.52,0.36,0.02,49773,13625.76,11.68401519,945.3933283
"852",6037294620,23,0,0,0.24,0.11,0.33,0.41,0.08,44148,14411.77,11.69875187,1014.371581
"853",6037294701,24,0,0,0.3,0.09,0.41,0.51,0.05,36719,4576.196,11.73680492,632.7478884
"854",6037294810,23,0,0,0.34,0.04,0.54,0.53,0.06,49952,34574.77,11.72966207,615.2288311
"855",6037294820,24,0,0,0.35,0.06,0.45,0.63,0.12,39400,23455.95,11.72966207,535.6164502
"856",6037294830,24,0,0,0.29,0.06,0.5,0.49,0.05,44527,12086.29,11.77535951,211.6913887
"857",6037294900,23,0,0,0.34,0.1,0.45,0.5,0.04,42150,15482.59,11.8087939,1403.85703
"858",6037295103,23,0,0,0.17,0.22,0.32,0.04,0.04,124663,6532.856,11.74135383,1161.902728
"859",6037296210,23,1,1,0.32,0.08,0.5,0.37,0.13,40145,14497.96,11.70137136,856.100235
"860",6037296220,24,0,0,0.24,0.14,0.68,0.29,0.06,30020,21473.54,11.70137136,503.3612808
"861",6037296300,23,0,0,0.21,0.16,0.46,0.1,0.09,80718,12252.47,11.627812,1018.459001
"862",6037296401,23,0,0,0.17,0.24,0.25,0.08,0.04,92571,8474.048,11.60855194,671.2135537
"863",6037296402,23,0,0,0.21,0.16,0.42,0.12,0.08,108929,8200.976,11.60245628,754.6408301
"864",6037296500,23,1,1,0.22,0.15,0.57,0.28,0.11,35870,9893.053,11.6676115,1080.020014
"865",6037296600,24,0,0,0.27,0.12,0.49,0.31,0.14,40607,16482.22,11.65417914,934.4857184
"866",6037296901,23,0,0,0.3,0.06,0.6,0.23,0.04,40913,18737.02,11.66349226,428.8442971
"867",6037296902,23,0,0,0.22,0.12,0.44,0.21,0.06,52585,22159.63,11.65229752,431.3253654
"868",6037297110,24,0,0,0.21,0.1,0.49,0.33,0.1,40000,24700.25,11.66349226,513.3361806
"869",6037297120,24,0,0,0.25,0.14,0.53,0.26,0.09,49229,18561.32,11.67101336,453.3138728
"870",6037297201,24,0,0,0.29,0.09,0.47,0.22,0.03,60574,28883.65,11.67101336,496.3663214
"871",6037297202,23,0,0,0.23,0.14,0.29,0.12,0.07,70767,17030.07,11.67734924,327.3052546
"872",6037297300,23,0,0,0.28,0.17,0.32,0.09,0.05,102143,4610.413,11.60767179,470.9137102
"873",6037297400,23,0,0,0.14,0.34,0.14,0.05,0.07,82955,4154.187,11.46491729,608.4893261
"874",6037297601,23,0,0,0.26,0.11,0.36,0.07,0.08,55246,9400.088,11.55914703,306.2377322
"875",6037297602,23,0,0,0.18,0.19,0.32,0.07,0.08,64873,15350.82,11.55914703,389.698611
"883",6037301702,24,0,0,0.18,0.15,0.25,0.16,0.07,56571,18320.94,11.81877691,2208.676128
"884",6037302102,23,0,0,0.13,0.19,0.28,0.07,0.05,76602,14843.27,11.77220627,1684.098156
"893",6037311400,24,0,0,0.16,0.18,0.19,0.04,0.06,105000,6343.069,11.51300398,982.5420785
"897",6037320202,24,0,0,0.27,0.12,0.36,0.37,0.03,77386,9863.783,11.10562647,474.1705785
"898",6037320300,23,0,0,0.21,0.11,0.4,0.37,0.03,52532,10171.51,11.23027109,559.9152551
"899",6037460800,21,0,0,0.2,0.3,0.23,0.02,0.02,212639,1200.165,11.24037378,1321.452391
"900",6037463800,23,0,0,0.24,0.23,0.28,0.02,0.04,158438,3703.462,11.34982652,1625.82676
"917",6037532800,24,0,0,0.38,0.04,0.54,0.6,0.05,40306,21574.03,12.15277014,1019.759087
"918",6037532900,24,0,0,0.31,0.06,0.53,0.58,0.08,38682,23827.58,12.15052197,1010.702094
"922",6037535200,23,0,0,0.31,0.05,0.55,0.58,0.09,52011,18287.53,12.06217904,607.5091903
"923",6037535400,24,0,0,0.32,0.06,0.34,0.49,0.09,44205,11934.45,12.07139901,994.4754349
"926",6037540300,23,0,0,0.28,0.09,0.43,0.43,0.08,59200,7993.738,12.06700264,2250.433706
"927",6037540400,23,0,0,0.29,0.05,0.52,0.54,0.08,52045,16078.93,12.0701055,2623.566956
"929",6037540600,24,0,0,0.34,0.07,0.74,0.41,0.27,31875,13765.74,12.10051881,1787.20928
"930",6037540700,23,0,0,0.3,0.08,0.49,0.42,0.13,44623,7289.606,12.09535727,2114.729333
"933",6037543400,23,0,0,0.19,0.2,0.64,0.29,0.04,79875,3304.914,12.09359584,2099.415061
"934",6037543501,24,0,0,0.2,0.19,0.79,0.16,0.06,72548,7258.489,11.9802672,2418.758141
"935",6037543502,23,0,0,0.19,0.2,0.71,0.21,0.05,82132,9924.354,12.06111984,1731.755694
"936",6037543503,24,0,0,0.14,0.25,0.71,0.15,0.04,74375,8869.918,12.00487891,2195.946493
"938",6037543703,23,0,0,0.18,0.15,0.57,0.24,0.03,105208,8419.646,11.78762745,831.9329382
"947",6037600304,24,0,0,0.31,0.05,0.58,0.35,0.08,33262,22718.22,12.08622848,1200.504366
"951",6037600801,23,0,0,0.23,0.21,0.95,0.05,0.05,93125,8532.542,12.02244997,1061.944268
"954",6037600912,24,0,0,0.24,0.08,0.5,0.37,0.12,55568,13509.02,11.91526102,843.7000887
"960",6037602801,23,0,0,0.29,0.08,0.72,0.34,0.08,38438,7680.753,12.10553008,2797.270786
"961",6037602802,24,0,0,0.19,0.19,0.85,0.16,0.12,68097,9735.112,12.13594907,889.8959379
"964",6037603102,23,0,0,0.19,0.2,0.71,0.21,0.07,58958,12725.05,11.9644351,1141.577064
"965",6037603200,24,0,0,0.15,0.23,0.78,0.07,0.01,83899,7949.634,12.05567624,1194.376233
"966",6037609900,23,0,0,0.22,0.25,0.34,0.21,0.07,71071,10017.74,11.63003614,607.0652834
"967",6037620001,24,1,0,0.24,0.13,0.23,0.05,0.06,124844,9302.956,11.85637687,1375.575398
"968",6037620101,23,0,0,0.25,0.08,0.33,0.02,0.08,108170,10791.59,11.93026042,886.9506216
"972",6037650901,24,0,0,0.21,0.16,0.44,0.05,0.05,85025,3920.162,11.93539635,1027.403849
"973",6037651001,24,0,0,0.22,0.18,0.56,0.09,0.04,96101,9952.429,11.9316356,768.9117141
"975",6037670701,23,0,0,0.21,0.23,0.4,0.03,0.03,132527,6039.704,11.59614426,1051.535451
"976",6037670702,21,0,0,0.18,0.26,0.24,0.02,0.02,200292,2184.327,11.40400736,660.1295353
"981",6037700501,23,0,0,0.05,0.12,0.26,0.01,0.05,76637,15280.09,11.63231397,1215.866479
"983",6037700600,21,0,0,0.25,0.27,0.07,0.06,0.06,191066,2288.721,11.60694985,1070.527805
"984",6037700700,22,0,0,0.28,0.17,0.12,0.07,0.02,184393,2622.864,11.62334721,1104.319215
"985",6037700802,24,0,0,0.16,0.21,0.25,0.04,0.1,85078,15460.07,11.70232612,1135.540565
"988",6037701000,22,0,0,0.2,0.2,0.17,0.02,0.06,100391,10807.56,11.7922658,1132.99111
"991",6037701601,22,0,0,0.18,0.22,0.23,0.02,0.06,136500,8835.027,11.69434868,606.8743621
"992",6037701602,23,0,0,0.17,0.12,0.29,0.08,0.03,106923,15633.14,11.69434868,917.6229894
"993",6037701701,23,0,0,0.18,0.17,0.29,0.03,0.05,75417,13037.77,11.73422356,935.1731438
"994",6037701801,23,0,0,0.19,0.12,0.42,0.14,0.09,65888,9546.469,11.77169218,1867.487411
"995",6037702102,23,0,0,0.1,0.17,0.18,0.05,0.05,81727,16868.26,11.66972548,970.6097654
"996",6037702202,21,0,0,0.2,0.2,0.21,0.04,0.06,121719,10143.94,11.69101747,834.6746824
"998",6037702400,24,0,0,0.15,0.13,0.36,0.05,0.04,78594,5708.845,11.75041597,1193.216122
"1000",6037702502,24,0,0,0.17,0.28,0.4,0.08,0.04,86959,5411.087,11.7027382,1630.506145
"1001",6037702600,24,1,0,0.21,0.21,0.43,0.09,0.04,120671,7649.042,11.68123003,2668.985931
"1002",6037702700,23,0,0,0.22,0.13,0.31,0.04,0.01,135430,6642.214,11.76395685,2441.445912
"1003",6037702801,24,0,0,0.19,0.16,0.36,0.1,0.04,62061,10148.11,11.64969136,3041.06681
"1004",6037702802,23,0,0,0.17,0.16,0.29,0.09,0.06,90438,9735.073,11.76013155,3573.006073
"1005",6037702803,23,0,0,0.21,0.15,0.44,0.18,0.06,63485,9365.016,11.63317139,937.0591385
"1006",6037703002,23,0,0,0.17,0.26,0.85,0.03,0.1,101534,5356.481,11.7994331,2106.670007
"1007",6037703100,23,0,0,0.16,0.23,0.92,0.04,0.11,93482,5903.419,11.87615491,958.5409781
"1008",6037703200,23,0,0,0.13,0.22,0.91,0.05,0.11,91042,6993.67,11.90810602,823.9253946
"1012",6037920303,23,1,0,0.21,0.08,0.39,0.02,0.04,95714,80.79942,9.922892997,2895.926603
"1020",6037980010,21,1,0,0.04,0.48,0.45,0.37,0.03,19167,65.48023,12.56881211,2864.345972
"1023",6037980015,24,1,1,0.14,0.05,0.73,0.24,0,66000,334.9207,11.71232149,1601.220921
"1024",6037980019,52,0,0,0.14,0.43,0.17,0,0.1,231250,8.084496,11.08887827,617.6400651
"1029",6037980024,21,1,1,0.22,0.11,0.28,0.03,0.03,150250,72.20638,12.2323268,4402.365014
